PAGES,H1,Canonical Tag,Meta Title,Meta Description,FAQ Schema
MAIN SERVICE PAGE,Trusted Maid for Home in Bangalore,https://www.ezyhelpers.com/cities/bangalore,Book Maid for Home in Bangalore | Safe & Reliable Help,"Verified maid for home in Bangalore with flexible timing, multilingual helpers & quick replacements. Trusted by families across Bangalore.",
LIVE-IN MAID,"Live-In Maid Services in Bangalore – Trusted Domestic Help for Your Home 
",https://www.ezyhelpers.com/cities/bangalore/live-in-maids,"Live-In Maid in Bangalore | 24/7 Home Help","Get live-in maids in Bangalore for 24/7 home help. Cooking, cleaning, babysitting, or elderly care. Background checked and trusted.","<script type=""application/ld+json"">
{
  ""@context"": ""https://schema.org"",
  ""@type"": ""FAQPage"",
  ""mainEntity"": [{
    ""@type"": ""Question"",
    ""name"": ""How to get a live-in maid in Bangalore?"",
    ""acceptedAnswer"": {
      ""@type"": ""Answer"",
      ""text"": ""To hire a live-in maid in Bangalore, choose a reliable domestic help agency like EzyHelpers. We match you with background-verified maids based on your needs. Our team ensures smooth onboarding, documentation, and support for a comfortable, long-term arrangement.""
    }
  },{
    ""@type"": ""Question"",
    ""name"": ""Is it safe to have a live-in maid in Bangalore with kids at home?"",
    ""acceptedAnswer"": {
      ""@type"": ""Answer"",
      ""text"": ""Yes, it is safe if you hire through a trusted agency. At EzyHelpers, each live-in maid in Bangalore is background-verified, trained, and experienced in childcare, ensuring a secure and caring environment for your children.""
    }
  },{
    ""@type"": ""Question"",
    ""name"": ""What accommodation should I provide for a live-in maid?"",
    ""acceptedAnswer"": {
      ""@type"": ""Answer"",
      ""text"": ""You should offer a private room or a shared room with a bed, cot or mattress and access to a bathroom depending on the availability and convenience of the customers. Many Bangalore homes have a dedicated helper’s room for this.""
    }
  },{
    ""@type"": ""Question"",
    ""name"": ""What if my live-in maid leaves suddenly?"",
    ""acceptedAnswer"": {
      ""@type"": ""Answer"",
      ""text"": ""Most maids give a one-month notice before leaving. If that happens, EzyHelpers will help you find a replacement quickly so your household routine is not disturbed.""
    }
  },{
    ""@type"": ""Question"",
    ""name"": ""Do live-in maids in Bangalore get time off?"",
    ""acceptedAnswer"": {
      ""@type"": ""Answer"",
      ""text"": ""Yes, live-in maids in Bangalore are entitled to get two days off per month, which may be scheduled with mutual understanding.""
    }
  },{
    ""@type"": ""Question"",
    ""name"": ""What is the salary of a live-in maid in Bangalore?"",
    ""acceptedAnswer"": {
      ""@type"": ""Answer"",
      ""text"": ""The monthly salary for a live-in maid in Bangalore typically ranges from ₹18,000 to ₹25,000. The exact amount depends on factors like experience, household duties, and location. Areas like Whitefield or Electronic City may offer slightly higher salaries due to demand. The salary usually includes stay, meals, and regular rest days.""
    }
  },{
    ""@type"": ""Question"",
    ""name"": ""Are the live-in maids background-checked?"",
    ""acceptedAnswer"": {
      ""@type"": ""Answer"",
      ""text"": ""Yes. All maids from EzyHelpers go through Aadhaar and address verification. Police verification is done at an additional cost if the customer requests it. This ensures safety and trust when you hire a 24hr maid in Bangalore.""
    }
  },{
    ""@type"": ""Question"",
    ""name"": ""Can live-in maids cook local Bangalore-style food?"",
    ""acceptedAnswer"": {
      ""@type"": ""Answer"",
      ""text"": ""Yes. Many live-in maids can cook South Indian meals like dosa, sambar, and rasam, as well as North Indian and basic continental dishes. They usually adapt to your family’s taste preferences.""
    }
  },{
    ""@type"": ""Question"",
    ""name"": ""How soon can I get a live-in maid in Bangalore?"",
    ""acceptedAnswer"": {
      ""@type"": ""Answer"",
      ""text"": ""You can usually get a live-in maid within 24 to 72 hours, depending on your location and requirements. EzyHelpers offers quick matching to avoid long waiting times.""
    }
  },{
    ""@type"": ""Question"",
    ""name"": ""Can a live-in maid work for two households?"",
    ""acceptedAnswer"": {
      ""@type"": ""Answer"",
      ""text"": ""No. A live-in maid works full-time for one family only. This ensures loyalty, privacy, and focused care for your home.""
    }
  },{
    ""@type"": ""Question"",
    ""name"": ""Do live-in maids speak Kannada or Hindi?"",
    ""acceptedAnswer"": {
      ""@type"": ""Answer"",
      ""text"": ""Yes. Most live-in maids in Bangalore can speak Kannada and Hindi. This helps them communicate well with your family, neighbours, and building staff.""
    }
  },{
    ""@type"": ""Question"",
    ""name"": ""Are live-in maids suitable for IT professionals?"",
    ""acceptedAnswer"": {
      ""@type"": ""Answer"",
      ""text"": ""Absolutely. A 24hr maid in Bangalore is ideal for tech professionals who work long hours or travel often. They manage home tasks efficiently so you can focus on work.""
    }
  },{
    ""@type"": ""Question"",
    ""name"": ""Can live-in maids work in apartment buildings?"",
    ""acceptedAnswer"": {
      ""@type"": ""Answer"",
      ""text"": ""Yes. They are trained to follow apartment rules and can handle delivery access, visitor logs, and building protocols smoothly.""
    }
  },{
    ""@type"": ""Question"",
    ""name"": ""Can a live-in maid handle online deliveries or food orders?"",
    ""acceptedAnswer"": {
      ""@type"": ""Answer"",
      ""text"": ""Yes. Many live-in maids can manage online grocery deliveries and food apps like Swiggy or Zomato and coordinate with the apartment mailroom or security for daily deliveries.""
    }
  }]
}
</script>"
FULL-TIME MAID,Full-Time Maid Bangalore – Reliable Domestic Help for Your Home,https://www.ezyhelpers.com/cities/bangalore/full-time-maid,"Full-Time Maid Bangalore | Verified Daily Helper","Full-time maids in Bangalore for daily cleaning, cooking, and home tasks. Perfect for working families needing complete home management support.","<script type=""application/ld+json"">
{
  ""@context"": ""https://schema.org"",
  ""@type"": ""FAQPage"",
  ""mainEntity"": [{
    ""@type"": ""Question"",
    ""name"": ""What is the difference between full-time maid and live-in maid services?"",
    ""acceptedAnswer"": {
      ""@type"": ""Answer"",
      ""text"": ""A full-time maid Bangalore works 8-10 hours daily and returns home, while live-in maids stay 24/7. Full-time service offers professional support without accommodation requirements.""
    }
  },{
    ""@type"": ""Question"",
    ""name"": ""Can full-day maid in Bangalore adjust to IT professional schedules?"",
    ""acceptedAnswer"": {
      ""@type"": ""Answer"",
      ""text"": ""Yes, our maids are trained to work with early morning starts (as early as 6 AM) and evening schedules (up to 8 PM) to support Bangalore's tech workforce.""
    }
  },{
    ""@type"": ""Question"",
    ""name"": ""Do full-time maids work on weekends?"",
    ""acceptedAnswer"": {
      ""@type"": ""Answer"",
      ""text"": ""Our full-day maids typically work 6 days a week with one weekly day off. Emergency weekend support is available on request.""
    }
  },{
    ""@type"": ""Question"",
    ""name"": ""Can the maid handle both cooking and cleaning in 8-10 hours?"",
    ""acceptedAnswer"": {
      ""@type"": ""Answer"",
      ""text"": ""No, one maid typically specialises in a specific task. If you hire a maid for cleaning, she focuses only on cleaning duties. If you hire a cook, she will handle cooking and may assist with light cleaning or top-up work if time allows. For both cooking and cleaning, we recommend hiring two separate helpers to ensure quality and efficiency.""
    }
  },{
    ""@type"": ""Question"",
    ""name"": ""Is full-time maid service cost-effective for small families?"",
    ""acceptedAnswer"": {
      ""@type"": ""Answer"",
      ""text"": ""Full-time service offers better value than multiple part-time helpers, especially for working couples in Bangalore's competitive rental market.""
    }
  },{
    ""@type"": ""Question"",
    ""name"": ""Do you provide maids familiar with North Indian cooking?"",
    ""acceptedAnswer"": {
      ""@type"": ""Answer"",
      ""text"": ""Yes, we match maids for full-time, based on cuisine preferences, including North Indian, South Indian, and continental cooking skills.""
    }
  },{
    ""@type"": ""Question"",
    ""name"": ""How do you ensure the safety of full-time maid services?"",
    ""acceptedAnswer"": {
      ""@type"": ""Answer"",
      ""text"": ""We ensure safety by verifying every maid’s Aadhaar ID and local address. Police verification is available on request for added security and peace of mind.""
    }
  },{
    ""@type"": ""Question"",
    ""name"": ""Can full-time maids manage modern apartment living in Bangalore?"",
    ""acceptedAnswer"": {
      ""@type"": ""Answer"",
      ""text"": ""Our full-day maids in Bangalore are trained in using modern appliances, following apartment rules, and managing day-to-day urban home needs.""
    }
  },{
    ""@type"": ""Question"",
    ""name"": ""Do full-time maids take weekly off?"",
    ""acceptedAnswer"": {
      ""@type"": ""Answer"",
      ""text"": ""Yes, most full-time maids take one day off per week. The day can be fixed based on mutual agreement and household convenience.""
    }
  },{
    ""@type"": ""Question"",
    ""name"": ""How are maids trained before placement?"",
    ""acceptedAnswer"": {
      ""@type"": ""Answer"",
      ""text"": ""We conduct skill assessment and soft skill orientation before assigning full-time maids. This includes hygiene, safety, and household discipline basics.""
    }
  },{
    ""@type"": ""Question"",
    ""name"": ""Are full-time maids available for single-person households?"",
    ""acceptedAnswer"": {
      ""@type"": ""Answer"",
      ""text"": ""Absolutely. Full-time maids are also ideal for working professionals, senior citizens, or bachelors who need daily help with cleaning and cooking.""
    }
  },{
    ""@type"": ""Question"",
    ""name"": ""Do I need to provide food for the full-time maid?"",
    ""acceptedAnswer"": {
      ""@type"": ""Answer"",
      ""text"": ""Providing meals is not mandatory. Most maids bring their own food, though offering water, tea, or snacks is a courteous gesture. However, offering water, tea, or snacks is a common gesture and helps build a positive working relationship. Many households do choose to provide meals.""
    }
  },{
    ""@type"": ""Question"",
    ""name"": ""How do I give feedback or report an issue with the maid?"",
    ""acceptedAnswer"": {
      ""@type"": ""Answer"",
      ""text"": ""You can contact our customer support or use our feedback portal. We take complaints seriously and ensure professional behavior and performance.""
    }
  }]
}
</script>"
PART-TIME MAID,Get Professional Part-Time Maid Services in Bangalore at Your Convenience,https://www.ezyhelpers.com/cities/bangalore/part-time-maid,"Part-Time Maid Services in Bangalore | Flexible Hourly Help","Part-time maid services in Bangalore for 2–6 hours daily. Includes cleaning, cooking, caregiving, and driver support for busy families.
","<script type=""application/ld+json"">
{
  ""@context"": ""https://schema.org"",
  ""@type"": ""FAQPage"",
  ""mainEntity"": [{
    ""@type"": ""Question"",
    ""name"": ""How many hours do part-time maids work in Bangalore?"",
    ""acceptedAnswer"": {
      ""@type"": ""Answer"",
      ""text"": ""Most part-time maids in Bangalore work for 2 to 6 hours daily, depending on the job and your requirements.""
    }
  },{
    ""@type"": ""Question"",
    ""name"": ""What is the cost of hiring a part-time helper in Bangalore?"",
    ""acceptedAnswer"": {
      ""@type"": ""Answer"",
      ""text"": ""The cost of hiring a part-time helper in Bangalore depends on the type of service, whether it’s a part-time maid, babysitter, elderly caretaker, or home cook. Pricing varies based on service hours, task complexity, helper experience, and your location within the city. For accurate quotes, it’s best to share your specific needs with a trusted provider like EzyHelpers.""
    }
  },{
    ""@type"": ""Question"",
    ""name"": ""Can I hire a maid for only one task, like cleaning or cooking?"",
    ""acceptedAnswer"": {
      ""@type"": ""Answer"",
      ""text"": ""Yes, you can hire specialised part-time maids for just cooking, cleaning, childcare, or elder care.""
    }
  },{
    ""@type"": ""Question"",
    ""name"": ""Is part-time maid service available in gated societies?"",
    ""acceptedAnswer"": {
      ""@type"": ""Answer"",
      ""text"": ""Absolutely. We match you with society-trained maids who understand entry protocols and community rules.""
    }
  },{
    ""@type"": ""Question"",
    ""name"": ""Can I change or replace my part-time helper if needed?"",
    ""acceptedAnswer"": {
      ""@type"": ""Answer"",
      ""text"": ""Yes. If you're not satisfied, we’ll arrange a quick replacement within 1–3 working days.""
    }
  },{
    ""@type"": ""Question"",
    ""name"": ""Do you offer part-time maid services for weekends only?"",
    ""acceptedAnswer"": {
      ""@type"": ""Answer"",
      ""text"": ""Yes, weekend-only or alternate-day part-time help is available for cleaning, cooking, or support work.""
    }
  },{
    ""@type"": ""Question"",
    ""name"": ""How quickly can I get a part-time helper in Bangalore?"",
    ""acceptedAnswer"": {
      ""@type"": ""Answer"",
      ""text"": ""Same-day service available. Most bookings are fulfilled within 24-72 hours of your request.""
    }
  },{
    ""@type"": ""Question"",
    ""name"": ""Can I change the timings of the maid later?"",
    ""acceptedAnswer"": {
      ""@type"": ""Answer"",
      ""text"": ""Yes, you can request a change in maid timings anytime. If your current maid is unavailable for the new schedule, we’ll promptly replace her with another professional who matches your updated timing preferences, ensuring uninterrupted support for your home.""
    }
  },{
    ""@type"": ""Question"",
    ""name"": ""Is there a difference in pricing between different areas of Bangalore?"",
    ""acceptedAnswer"": {
      ""@type"": ""Answer"",
      ""text"": ""Slight variations exist based on location and travel time, but we maintain competitive rates citywide.""
    }
  },{
    ""@type"": ""Question"",
    ""name"": ""Can regular households afford part-time helpers in Bangalore?"",
    ""acceptedAnswer"": {
      ""@type"": ""Answer"",
      ""text"": ""Yes, most families in Bangalore find part-time help both practical and affordable. These services are designed to suit everyday household needs without stretching your budget. With flexible hours and trusted professionals, it’s a smart way to get extra support without the long-term commitment.""
    }
  }]
}
</script>"
ON-DEMAND MAID,Quick On-Demand Maid Service in Bangalore with Same Day Help,https://www.ezyhelpers.com/cities/bangalore/on-demand-helper,"On-Demand Maid Service in Bangalore | Emergency Help","Get fast, on-demand maid service in Bangalore for last-minute guests, missed maids, urgent cooking, event help, and babysitting with same-day availability.","<script type=""application/ld+json"">
{
  ""@context"": ""https://schema.org"",
  ""@type"": ""FAQPage"",
  ""mainEntity"": [{
    ""@type"": ""Question"",
    ""name"": ""How quickly can I get an emergency helper in Bangalore?"",
    ""acceptedAnswer"": {
      ""@type"": ""Answer"",
      ""text"": ""Our emergency helper in Bangalore typically arrives within 2-4 hours of booking, depending on your location and current availability. Areas like Koramangala, HSR Layout, and Indiranagar usually have faster response times.""
    }
  },{
    ""@type"": ""Question"",
    ""name"": ""Are emergency helpers trained for multiple tasks?"",
    ""acceptedAnswer"": {
      ""@type"": ""Answer"",
      ""text"": ""Yes, most can handle cleaning, cooking, or care simultaneously. Just let us know in advance.""
    }
  },{
    ""@type"": ""Question"",
    ""name"": ""Is one-day maid in Bangalore available during festivals?"",
    ""acceptedAnswer"": {
      ""@type"": ""Answer"",
      ""text"": ""Yes, our one day maid in Bangalore works during all major festivals including Diwali, Dussehra, Christmas, and regional celebrations. We maintain emergency helper availability for festival preparation and cleanup.""
    }
  },{
    ""@type"": ""Question"",
    ""name"": ""Can emergency helpers communicate in languages other than Kannada?"",
    ""acceptedAnswer"": {
      ""@type"": ""Answer"",
      ""text"": ""Yes, we provide emergency helpers who can communicate in Hindi, English, Tamil, and Telugu, making it easier for Bangalore’s diverse population.""
    }
  },{
    ""@type"": ""Question"",
    ""name"": ""Are on-demand helpers verified?"",
    ""acceptedAnswer"": {
      ""@type"": ""Answer"",
      ""text"": ""Yes, all on-demand helpers undergo background verification. Safety is ensured even for emergency and last-minute household help.""
    }
  },{
    ""@type"": ""Question"",
    ""name"": ""Can on-demand helpers work in apartment complexes?"",
    ""acceptedAnswer"": {
      ""@type"": ""Answer"",
      ""text"": ""Yes, on-demand helpers understand gated community protocols, visitor registration, and apartment security procedures across Bangalore residential areas.""
    }
  },{
    ""@type"": ""Question"",
    ""name"": ""Can I book an emergency helper for just a few hours?"",
    ""acceptedAnswer"": {
      ""@type"": ""Answer"",
      ""text"": ""Yes, you can book an emergency helper in Bangalore for a few hours depending on your need. Hourly pricing ensures flexibility for short tasks like quick cleaning or urgent kitchen help.""
    }
  },{
    ""@type"": ""Question"",
    ""name"": ""Is emergency help available in all parts of Bangalore?"",
    ""acceptedAnswer"": {
      ""@type"": ""Answer"",
      ""text"": ""We cover most Bangalore areas including Whitefield, Bellandur, BTM Layout, Hebbal, Marathahalli, Jayanagar, and more. Availability may vary by locality and timing.""
    }
  },{
    ""@type"": ""Question"",
    ""name"": ""Can I book a female emergency helper in Bangalore?"",
    ""acceptedAnswer"": {
      ""@type"": ""Answer"",
      ""text"": ""Yes, female emergency helpers are available for domestic needs, including household chores, elderly care, and kitchen work. Please specify gender preference while booking.""
    }
  },{
    ""@type"": ""Question"",
    ""name"": ""Are emergency helpers suitable for elderly or patient assistance?"",
    ""acceptedAnswer"": {
      ""@type"": ""Answer"",
      ""text"": ""Yes, we provide trained helpers experienced in elderly care, including mobility assistance, companionship, and accompanying to medical appointments.""
    }
  },{
    ""@type"": ""Question"",
    ""name"": ""Can I request the same emergency helper again later?"",
    ""acceptedAnswer"": {
      ""@type"": ""Answer"",
      ""text"": ""If the same helper is available, we’re happy to reassign them. Many clients prefer consistency, and we try our best to accommodate such requests.""
    }
  }]
}
</script>"
BABYSITTER,Babysitter for Home in Bangalore – Trusted & Caring Childcare Services,https://www.ezyhelpers.com/cities/bangalore/nanny-babysitter,Babysitter for Home in Bangalore | Trusted Childcare,"Find trained babysitters for home in Bangalore. Safe, reliable childcare for infants, toddlers & school kids with flexible hours.","<script type=""application/ld+json"">
{
  ""@context"": ""https://schema.org"",
  ""@type"": ""FAQPage"",
  ""mainEntity"": [{
    ""@type"": ""Question"",
    ""name"": ""How quickly can I get a babysitter for home in Bangalore?"",
    ""acceptedAnswer"": {
      ""@type"": ""Answer"",
      ""text"": ""Emergency childcare at home in Bangalore is available within 2–4 hours. Regular booking requires 24–48 hours for proper matching.""
    }
  },{
    ""@type"": ""Question"",
    ""name"": ""Are babysitters trained for children with special needs?"",
    ""acceptedAnswer"": {
      ""@type"": ""Answer"",
      ""text"": ""Yes, we offer specialised child supervision services for children with developmental needs, learning disabilities, and medical needs.""
    }
  },{
    ""@type"": ""Question"",
    ""name"": ""Do you provide babysitters for weekend events or travel?"",
    ""acceptedAnswer"": {
      ""@type"": ""Answer"",
      ""text"": ""Yes, our flexible home babysitting in Bangalore includes weekend coverage, event childcare, and travel companion services.""
    }
  },{
    ""@type"": ""Question"",
    ""name"": ""How do you ensure child safety in Bangalore apartments?"",
    ""acceptedAnswer"": {
      ""@type"": ""Answer"",
      ""text"": ""Our babysitters are trained to keep children safe in apartment settings. They know how to handle things like balcony safety, using lifts carefully, and what to do in case of emergencies.""
    }
  },{
    ""@type"": ""Question"",
    ""name"": ""Can babysitters pick up children from school in Bangalore traffic?"",
    ""acceptedAnswer"": {
      ""@type"": ""Answer"",
      ""text"": ""Our babysitters are trained in Bangalore traffic navigation, school pickup protocols, and use verified transportation for child safety.""
    }
  },{
    ""@type"": ""Question"",
    ""name"": ""How much does a babysitter for home in Bangalore cost?"",
    ""acceptedAnswer"": {
      ""@type"": ""Answer"",
      ""text"": ""A babysitter typically charges ₹15,000 – ₹25,000/month depending on the child’s age, required working hours, location, and experience.""
    }
  },{
    ""@type"": ""Question"",
    ""name"": ""Can I get childcare at home in Bangalore for part-time hours?"",
    ""acceptedAnswer"": {
      ""@type"": ""Answer"",
      ""text"": ""Yes. We offer flexible schedules from 2 to 6 hours daily, perfect for school gaps or work-from-home parents.""
    }
  },{
    ""@type"": ""Question"",
    ""name"": ""Can babysitters work during school holidays?"",
    ""acceptedAnswer"": {
      ""@type"": ""Answer"",
      ""text"": ""Yes, full-day holiday care during summer breaks, Diwali holidays, and school vacation periods. Extended childcare for working parents.""
    }
  },{
    ""@type"": ""Question"",
    ""name"": ""What is the difference between a babysitter and a Japa maid in Bangalore?"",
    ""acceptedAnswer"": {
      ""@type"": ""Answer"",
      ""text"": ""A babysitter in Bangalore takes care of children’s daily needs like feeding, playing, and homework help. A Japa maid in Bangalore, on the other hand, is trained to care for newborn babies and post-delivery mothers. They handle tasks like baby massage, mother’s recovery support, and hygiene care after childbirth.""
    }
  },{
    ""@type"": ""Question"",
    ""name"": ""What living arrangements do live-in nannies in Bangalore need?"",
    ""acceptedAnswer"": {
      ""@type"": ""Answer"",
      ""text"": ""Live-in nannies/babysitters should be provided with a bed, cot, or mattress and access to the bathroom. A separate bathroom is preferred, but shared access is also fine based on the customer’s convenience.""
    }
  },{
    ""@type"": ""Question"",
    ""name"": ""Are babysitters trained to handle sick children at home?"",
    ""acceptedAnswer"": {
      ""@type"": ""Answer"",
      ""text"": ""Yes, many babysitters are trained to manage mild illnesses such as fever or cough, and can administer medicine as directed by your doctor. For serious health concerns, we recommend medical attention along with parental supervision.""
    }
  }]
}
</script>"
ELDERLYCARE,Senior Citizen Home Care Services in Bangalore – Trusted & Compassionate Support,https://www.ezyhelpers.com/cities/bangalore/elderly-care,"Senior Citizen Home Services in Bangalore | Elderly Support","Senior citizen care at home in Bangalore. Trained caregivers for elderly care, meals, medication help, and daily support.","<script type=""application/ld+json"">
{
  ""@context"": ""https://schema.org"",
  ""@type"": ""FAQPage"",
  ""mainEntity"": [{
    ""@type"": ""Question"",
    ""name"": ""Can I hire a part-time senior care assistant in Bangalore?"",
    ""acceptedAnswer"": {
      ""@type"": ""Answer"",
      ""text"": ""Yes, EzyHelpers offers 2–6 hour part-time care options ideal for daily tasks like meal prep, medication reminders, and companionship.""
    }
  },{
    ""@type"": ""Question"",
    ""name"": ""Do you provide live-in caretakers for seniors in Bangalore?"",
    ""acceptedAnswer"": {
      ""@type"": ""Answer"",
      ""text"": ""Yes. Our live-in caretakers offer 24/7 support and stay at your home. They assist with everything from hygiene and feeding to companionship and medical supervision.""
    }
  },{
    ""@type"": ""Question"",
    ""name"": ""What is the difference between part-time and full-time elderly care?"",
    ""acceptedAnswer"": {
      ""@type"": ""Answer"",
      ""text"": ""Part-time care is for 2–6 hours a day, ideal for light support. Full-time care offers 8–10 hours of daily help for seniors who need regular monitoring or mobility aid.""
    }
  },{
    ""@type"": ""Question"",
    ""name"": ""Can I get a temporary caretaker after hospital discharge in Bangalore?"",
    ""acceptedAnswer"": {
      ""@type"": ""Answer"",
      ""text"": ""Yes. We provide short-term post-hospitalisation care, including wound care, feeding, medication reminders, and physical support for recovery.""
    }
  },{
    ""@type"": ""Question"",
    ""name"": ""Are female caretakers available for elderly women in Bangalore?"",
    ""acceptedAnswer"": {
      ""@type"": ""Answer"",
      ""text"": ""Yes, you can request female caretakers for elderly women who prefer same-gender care for personal comfort during tasks like bathing or dressing.""
    }
  },{
    ""@type"": ""Question"",
    ""name"": ""Can I hire a companion for an elderly person who lives alone?"",
    ""acceptedAnswer"": {
      ""@type"": ""Answer"",
      ""text"": ""Absolutely. Our elderly care assistants engage seniors with reading, conversations, games, and emotional support to prevent loneliness and isolation.""
    }
  },{
    ""@type"": ""Question"",
    ""name"": ""Are caretakers trained in handling bedridden patients?"",
    ""acceptedAnswer"": {
      ""@type"": ""Answer"",
      ""text"": ""Yes, our senior caretakers in Bangalore are trained to support bedridden seniors with repositioning, sponge baths, feeding, and bedsore prevention.""
    }
  },{
    ""@type"": ""Question"",
    ""name"": ""Can elderly caretakers manage chronic illnesses like diabetes or BP?"",
    ""acceptedAnswer"": {
      ""@type"": ""Answer"",
      ""text"": ""Yes. Our staff is trained to monitor vital signs, follow diet restrictions, and remind seniors to take prescribed medications for chronic conditions.""
    }
  },{
    ""@type"": ""Question"",
    ""name"": ""Do I need to provide accommodation for a live-in caretaker?"",
    ""acceptedAnswer"": {
      ""@type"": ""Answer"",
      ""text"": ""Yes. A live-in caretaker needs to be provided with a bed, cot, or mattress and access to a bathroom. It ensures they stay rested and care efficiently.""
    }
  },{
    ""@type"": ""Question"",
    ""name"": ""What if my parent or elderly member is uncomfortable with the assigned caregiver?"",
    ""acceptedAnswer"": {
      ""@type"": ""Answer"",
      ""text"": ""We offer immediate replacement within 24 hours and work until we find the perfect personality and skill match.""
    }
  }]
}
</script>"
COOK,Cook for Home in Bangalore – Hire Trusted & Skilled Home Cooks Near You,https://www.ezyhelpers.com/cities/bangalore/cooks,"Cook for Home Bangalore | Daily Fresh Meals","Find a reliable cook for home in Bangalore for daily, live-in, or part-time meal services. Fresh, healthy, and regionally customised food daily.","<script type=""application/ld+json"">
{
  ""@context"": ""https://schema.org"",
  ""@type"": ""FAQPage"",
  ""mainEntity"": [{
    ""@type"": ""Question"",
    ""name"": ""How can I find a reliable cook for home in Bangalore?"",
    ""acceptedAnswer"": {
      ""@type"": ""Answer"",
      ""text"": ""EzyHelpers connects you with verified and experienced home cooks in Bangalore who undergo background checks and cooking skill assessments. We share shortlisted profiles based on your dietary needs, preferred cuisine, and schedule for a perfect home cooking match.""
    }
  },{
    ""@type"": ""Question"",
    ""name"": ""Do your home cooks accommodate dietary restrictions?"",
    ""acceptedAnswer"": {
      ""@type"": ""Answer"",
      ""text"": ""Yes, our cooks are experienced enough to prepare meals according to your health needs. Whether it’s diabetic-friendly, Jain food, vegan, or low-sodium diets, EzyHelpers ensures you get a cook who understands and respects your dietary preferences.""
    }
  },{
    ""@type"": ""Question"",
    ""name"": ""Will your home cooks help with grocery and vegetable shopping in Bangalore?"",
    ""acceptedAnswer"": {
      ""@type"": ""Answer"",
      ""text"": ""Yes, many of our home cooks in Bangalore assist with daily or weekly grocery and vegetable shopping. They can visit local markets or nearby stores to purchase fresh ingredients or accompany you when required. This ensures meals are prepared with fresh, timely ingredients while saving you time and effort.""
    }
  },{
    ""@type"": ""Question"",
    ""name"": ""Can your cook prepare meals for office tiffins?"",
    ""acceptedAnswer"": {
      ""@type"": ""Answer"",
      ""text"": ""Absolutely. Many Bangalore families trust EzyHelpers’ cooks to prepare home-style meals for office tiffins. It’s a healthier, more cost-effective alternative to restaurant food, especially for busy professionals seeking nutritious lunch options.""
    }
  },{
    ""@type"": ""Question"",
    ""name"": ""How do you ensure food safety and kitchen hygiene?"",
    ""acceptedAnswer"": {
      ""@type"": ""Answer"",
      ""text"": ""At EzyHelpers, we train all home cooks on kitchen safety, personal hygiene, and clean cooking practices. We make sure cooking is clean and safe by using clean utensils, storing food properly, and training cooks in personal hygiene practices.""
    }
  },{
    ""@type"": ""Question"",
    ""name"": ""Can I hire a cook for specific cuisines?"",
    ""acceptedAnswer"": {
      ""@type"": ""Answer"",
      ""text"": ""Yes. EzyHelpers provides multi-cuisine home cooks trained in South Indian (Karnataka, Kerala, and Tamil), North Indian, Bengali, Gujarati, and Chinese cuisines, which are perfect for Bangalore’s diverse families.""
    }
  },{
    ""@type"": ""Question"",
    ""name"": ""Is hiring a home cook a good idea?"",
    ""acceptedAnswer"": {
      ""@type"": ""Answer"",
      ""text"": ""Hiring a cook is one of the best ways to save time and eat healthier. With a reliable cook, you get fresh meals according to your taste, less stress over daily cooking, and improved work-life balance, especially helpful for working couples and elders.""
    }
  },{
    ""@type"": ""Question"",
    ""name"": ""What is the salary of a female cook in Bangalore?"",
    ""acceptedAnswer"": {
      ""@type"": ""Answer"",
      ""text"": ""The salary of a female home cook in Bangalore depends on her experience, working hours, and specific duties. On average, part-time female cooks earn ₹6,000 to ₹10,000 per month, while full-time cooks typically earn ₹12,000 to ₹20,000 per month. Live-in cooks may charge upwards of ₹25,000/month with added responsibilities.""
    }
  },{
    ""@type"": ""Question"",
    ""name"": ""Can I get a temporary cook for a few weeks or events in Bangalore?"",
    ""acceptedAnswer"": {
      ""@type"": ""Answer"",
      ""text"": ""Yes, EzyHelpers offers temporary cook services in Bangalore for short-term needs like family functions or when your regular cook is on leave. You can book skilled cooks for a few days, weeks, or just for a special occasion. Our flexible service ensures you get fresh, home-style food without any long-term commitment.""
    }
  },{
    ""@type"": ""Question"",
    ""name"": ""Are male cooks available for home cooking in Bangalore?"",
    ""acceptedAnswer"": {
      ""@type"": ""Answer"",
      ""text"": ""Yes, EzyHelpers provides both male and female home cooks in Bangalore. Many male cooks are experienced in handling bulk meal preparation, special diets, or cooking for large families. If you have a gender preference, let us know during booking, and we’ll match you with the right home cook for your needs.""
    }
  },{
    ""@type"": ""Question"",
    ""name"": ""Can I hire a cook for elderly care diets in Bangalore?"",
    ""acceptedAnswer"": {
      ""@type"": ""Answer"",
      ""text"": ""Absolutely. Our trained home cooks in Bangalore can prepare meals that are suitable for elderly family members, including soft food, low-oil dishes, diabetic-friendly recipes, or food suited for age-related health conditions. Whether it's a special diet chart from a doctor or simple, easy-to-digest home food, our cooks handle it with care and attention.""
    }
  }]
}
</script>"
DRIVER,"Professional Car Driver in Bangalore for Safe & Comfortable Travel",https://www.ezyhelpers.com/cities/bangalore/drivers,Car Driver in Bangalore | Daily & Outstation,"Get reliable personal car driver services in Bangalore for daily commutes, office travel & family transportation with experienced drivers.","<script type=""application/ld+json"">
{
  ""@context"": ""https://schema.org"",
  ""@type"": ""FAQPage"",
  ""mainEntity"": [{
    ""@type"": ""Question"",
    ""name"": ""What makes your car driver in Bangalore service different?"",
    ""acceptedAnswer"": {
      ""@type"": ""Answer"",
      ""text"": ""Our drivers are specially trained in Bangalore’s traffic with strong local knowledge of IT corridors, residential areas, and major connectivity routes. Each driver is background-verified and skilled in navigating city shortcuts and safe paths.""
    }
  },{
    ""@type"": ""Question"",
    ""name"": ""Do you provide personal drivers in Bangalore for elderly care?"",
    ""acceptedAnswer"": {
      ""@type"": ""Answer"",
      ""text"": ""Absolutely. Our drivers are trained to assist elderly passengers with patient driving, medical appointment coordination, and clear communication with family members.""
    }
  },{
    ""@type"": ""Question"",
    ""name"": ""What vehicle types can your drivers handle?"",
    ""acceptedAnswer"": {
      ""@type"": ""Answer"",
      ""text"": ""Our chauffeur drivers in Bangalore are experienced to operate all car types: hatchbacks, sedans, SUVs, and even high-end luxury vehicles, with proper licensing and experience.""
    }
  },{
    ""@type"": ""Question"",
    ""name"": ""Do you provide drivers familiar with Bangalore’s IT corridors?"",
    ""acceptedAnswer"": {
      ""@type"": ""Answer"",
      ""text"": ""Yes. Our drivers have strong route expertise across key IT corridors like Outer Ring Road, Sarjapur Road, and Whitefield, ensuring faster commutes through Bangalore’s major corporate zones.""
    }
  },{
    ""@type"": ""Question"",
    ""name"": ""Do you provide one-time chauffeur drivers in Bangalore for special events?"",
    ""acceptedAnswer"": {
      ""@type"": ""Answer"",
      ""text"": ""Yes, we offer one-time chauffeur drivers in Bangalore for special occasions like weddings, corporate events, and private gatherings. Our drivers arrive on time, dressed professionally, and ensure smooth, respectful service throughout the event for you and your guests.""
    }
  },{
    ""@type"": ""Question"",
    ""name"": ""Can I book a driver for airport drop or intercity travel?"",
    ""acceptedAnswer"": {
      ""@type"": ""Answer"",
      ""text"": ""Definitely. We handle airport transfers with real-time flight tracking and also offer intercity driving for leisure, business, or family travel.""
    }
  },{
    ""@type"": ""Question"",
    ""name"": ""Can I hire a driver in Bangalore just for one day or a few hours?"",
    ""acceptedAnswer"": {
      ""@type"": ""Answer"",
      ""text"": ""Yes, we offer on-demand drivers in Bangalore for a few hours, full-day, or one-time events. Whether it’s a wedding, airport pickup, or urgent hospital visit, you can hire an experienced chauffeur whenever needed, without long-term commitments.""
    }
  },{
    ""@type"": ""Question"",
    ""name"": ""What is the cost of hiring a car driver in Bangalore?"",
    ""acceptedAnswer"": {
      ""@type"": ""Answer"",
      ""text"": ""Driver costs in Bangalore depend on the duration and type of service: hourly, daily, live-in, or outstation. Call us for exact rates; our pricing is transparent, with no hidden charges, and customised to your travel needs.""
    }
  },{
    ""@type"": ""Question"",
    ""name"": ""Can I get a driver who speaks Kannada or Hindi in Bangalore?"",
    ""acceptedAnswer"": {
      ""@type"": ""Answer"",
      ""text"": ""Yes, we have multilingual drivers in Bangalore who can communicate in Kannada, Hindi, Tamil, and English. This makes communication easier for your family, elderly members, or clients with language preferences.""
    }
  },{
    ""@type"": ""Question"",
    ""name"": ""Is fuel cost included in your driver service pricing in Bangalore?"",
    ""acceptedAnswer"": {
      ""@type"": ""Answer"",
      ""text"": ""No, our charges cover the driver’s service only. Fuel expenses are borne by the client. However, our drivers assist in monitoring fuel usage, planning refills, and choosing trusted petrol stations on your route.""
    }
  }]
}
</script>"
CARPENTER,"Carpentry Repair in Bangalore – Skilled Carpenters at Your Service ",https://www.ezyhelpers.com/cities/bangalore/carpenter,"Carpentry Repair in Bangalore | Furniture Fixing
","Book expert carpentry repair in Bangalore. Fix broken beds, chairs, cabinets & wooden items with skilled carpenters at home.
","<script type=""application/ld+json"">
{
  ""@context"": ""https://schema.org"",
  ""@type"": ""FAQPage"",
  ""mainEntity"": [{
    ""@type"": ""Question"",
    ""name"": ""What types of carpentry repair in Bangalore do you offer?"",
    ""acceptedAnswer"": {
      ""@type"": ""Answer"",
      ""text"": ""We provide comprehensive carpentry repair in Bangalore, including wooden furniture restoration, modular furniture installation, custom furniture making, and space-saving solutions for apartments and homes.""
    }
  },{
    ""@type"": ""Question"",
    ""name"": ""Can you create custom furniture for small spaces?"",
    ""acceptedAnswer"": {
      ""@type"": ""Answer"",
      ""text"": ""Absolutely! We specialise in custom furniture making with space-saving solutions and functional design perfect for compact homes and apartment optimisation.""
    }
  },{
    ""@type"": ""Question"",
    ""name"": ""Do you provide furniture for work-from-home setups?"",
    ""acceptedAnswer"": {
      ""@type"": ""Answer"",
      ""text"": ""Yes! We create custom WFH furniture, storage solutions, and space-saving designs perfect for working professionals.""
    }
  },{
    ""@type"": ""Question"",
    ""name"": ""Do you offer modular furniture installation in Bangalore homes?"",
    ""acceptedAnswer"": {
      ""@type"": ""Answer"",
      ""text"": ""Yes, we offer modular furniture installation in Bangalore, including modular kitchens, wardrobes, TV units, and office furniture. Our furniture carpenters are experienced in installing branded units with precision and care, ensuring a perfect fit for your space.""
    }
  },{
    ""@type"": ""Question"",
    ""name"": ""Can I book same-day carpenter services in Bangalore?"",
    ""acceptedAnswer"": {
      ""@type"": ""Answer"",
      ""text"": ""Absolutely! For urgent needs, we offer same-day carpenter services in Bangalore. Our skilled carpenters arrive quickly, equipped with tools to handle most common repairs and installations on the spot.""
    }
  },{
    ""@type"": ""Question"",
    ""name"": ""Can I request custom furniture for small rooms or PGs?"",
    ""acceptedAnswer"": {
      ""@type"": ""Answer"",
      ""text"": ""Definitely! We specialise in custom furniture making for small rooms, hostels, and PGs. From folding desks to compact wardrobes, our carpenters in Bangalore design space-saving furniture tailored to your needs.""
    }
  },{
    ""@type"": ""Question"",
    ""name"": ""Can you help with compact space furniture in Bangalore apartments?"",
    ""acceptedAnswer"": {
      ""@type"": ""Answer"",
      ""text"": ""Absolutely! We specialise in space-saving solutions like foldable desks, vertical storage units, sliding wardrobes, and compact kitchen storage.""
    }
  },{
    ""@type"": ""Question"",
    ""name"": ""What types of wooden furniture can you repair in Bangalore?"",
    ""acceptedAnswer"": {
      ""@type"": ""Answer"",
      ""text"": ""We repair all wooden furniture, including beds, tables, chairs, wardrobes, and cabinets. Our carpenters fix cracks, wobbly joints, broken panels, and even restore antique pieces.""
    }
  },{
    ""@type"": ""Question"",
    ""name"": ""Do you help with furniture shifting or dismantling during house moves?"",
    ""acceptedAnswer"": {
      ""@type"": ""Answer"",
      ""text"": ""Yes, we offer dismantling and reassembly services for safe furniture relocation. Our carpenters ensure damage-free disassembly, smart packing guidance, and reinstallation at your new home.""
    }
  }]
}
</script>"
ELECTRICIAN,"Skilled Electricians for Home Electrical Repair Services in Bangalore
",https://www.ezyhelpers.com/cities/bangalore/electrician,"Home Electrical Repair Services in Bangalore | Quick Fix
","Hire trusted electrical repair services in Bangalore for safe wiring, lighting, EV charger setup, and smart upgrades with fast, licensed professionals.
","<script type=""application/ld+json"">
{
  ""@context"": ""https://schema.org"",
  ""@type"": ""FAQPage"",
  ""mainEntity"": [{
    ""@type"": ""Question"",
    ""name"": ""Can electricians handle apartment complex electrical work?"",
    ""acceptedAnswer"": {
      ""@type"": ""Answer"",
      ""text"": ""Yes, our electricians in Bangalore are familiar with apartment electrical systems, building management coordination, and residential complex electrical protocols.""
    }
  },{
    ""@type"": ""Question"",
    ""name"": ""Do electricians install EV charging points?"",
    ""acceptedAnswer"": {
      ""@type"": ""Answer"",
      ""text"": ""Yes. We install EV charging stations, provide power upgrades, and ensure EV-ready setups for eco-conscious Bangalore residents.""
    }
  },{
    ""@type"": ""Question"",
    ""name"": ""Can electricians upgrade old apartment wiring?"",
    ""acceptedAnswer"": {
      ""@type"": ""Answer"",
      ""text"": ""Yes, we provide complete electrical rewiring, safety upgrades, and modern electrical system installation for older Bangalore apartments.""
    }
  },{
    ""@type"": ""Question"",
    ""name"": ""Do electricians work around busy professional schedules?"",
    ""acceptedAnswer"": {
      ""@type"": ""Answer"",
      ""text"": ""Yes, we offer flexible timing, including weekends, evening visits, and low-disruption electrical services for working families.""
    }
  },{
    ""@type"": ""Question"",
    ""name"": ""Do electricians handle home office electrical setups?"",
    ""acceptedAnswer"": {
      ""@type"": ""Answer"",
      ""text"": ""Yes, electricians can install dedicated circuits, extra plug points, and safely set up electrical connections for computers, Wi-Fi, and other work-from-home devices.""
    }
  },{
    ""@type"": ""Question"",
    ""name"": ""Do electricians do wiring?"",
    ""acceptedAnswer"": {
      ""@type"": ""Answer"",
      ""text"": ""Yes, electricians handle all types of wiring tasks, like new installations, rewiring, and repairs for homes, offices, appliances, and smart devices to ensure safe electrical connections.""
    }
  },{
    ""@type"": ""Question"",
    ""name"": ""What is a professional electrician?"",
    ""acceptedAnswer"": {
      ""@type"": ""Answer"",
      ""text"": ""A professional electrician is a trained expert who installs, repairs, and maintains electrical systems safely and efficiently, following safety standards and using the right tools and techniques.""
    }
  },{
    ""@type"": ""Question"",
    ""name"": ""What is the cost of an electrician in Bangalore?"",
    ""acceptedAnswer"": {
      ""@type"": ""Answer"",
      ""text"": ""The cost depends on the type of service, job complexity, materials required, and time taken. Contact us for a free estimate.""
    }
  },{
    ""@type"": ""Question"",
    ""name"": ""How do I know if my house needs electrical rewiring?"",
    ""acceptedAnswer"": {
      ""@type"": ""Answer"",
      ""text"": ""If you notice flickering lights, frequent trips, burning smells, or outdated wires, your home may need rewiring. A licensed electrician can inspect and advise you.""
    }
  },{
    ""@type"": ""Question"",
    ""name"": ""What are the signs of an electrical problem at home?"",
    ""acceptedAnswer"": {
      ""@type"": ""Answer"",
      ""text"": ""Common signs include sparks, warm switchboards, flickering lights, buzzing sounds, or burning smells. These should be inspected immediately.""
    }
  }]
}
</script>"
GARDENER,Professional Gardener in Bangalore – Expert Gardening Services for Your Home,https://www.ezyhelpers.com/cities/bangalore/gardener,"Gardener in Bangalore | Plant Care & Maintenance","Hire gardeners in Bangalore for plant care and garden maintenance. Watering, trimming, and seasonal care.
","<script type=""application/ld+json"">
{
  ""@context"": ""https://schema.org"",
  ""@type"": ""FAQPage"",
  ""mainEntity"": [{
    ""@type"": ""Question"",
    ""name"": ""How often should I schedule garden maintenance?"",
    ""acceptedAnswer"": {
      ""@type"": ""Answer"",
      ""text"": ""It depends on the plant types, but we recommend weekly or monthly visits to ensure a healthy garden.""
    }
  },{
    ""@type"": ""Question"",
    ""name"": ""Can gardeners help set up an organic kitchen garden?"",
    ""acceptedAnswer"": {
      ""@type"": ""Answer"",
      ""text"": ""Yes, they can grow vegetables and herbs using organic, chemical-free methods that are safe and healthy for your family.""
    }
  },{
    ""@type"": ""Question"",
    ""name"": ""Do gardeners treat plant diseases and pests?"",
    ""acceptedAnswer"": {
      ""@type"": ""Answer"",
      ""text"": ""Yes, our experienced gardeners can detect issues early and use organic methods to manage pests and diseases safely.""
    }
  },{
    ""@type"": ""Question"",
    ""name"": ""Do gardeners offer low-maintenance garden options?"",
    ""acceptedAnswer"": {
      ""@type"": ""Answer"",
      ""text"": ""Yes, they can suggest drought-tolerant plants and design easy-care gardens that are perfect for busy people who want greenery without daily effort.""
    }
  },{
    ""@type"": ""Question"",
    ""name"": ""Can gardeners arrange seasonal flowers for special occasions?"",
    ""acceptedAnswer"": {
      ""@type"": ""Answer"",
      ""text"": ""Yes, they plant seasonal blooms and can create flower setups for festivals or events to keep your garden fresh and colourful.""
    }
  },{
    ""@type"": ""Question"",
    ""name"": ""Do gardeners offer help with garden planning and design?"",
    ""acceptedAnswer"": {
      ""@type"": ""Answer"",
      ""text"": ""Yes, they give expert advice on garden layout, plant selection, and styling, whether it’s for a small balcony or a large villa garden.""
    }
  },{
    ""@type"": ""Question"",
    ""name"": ""How do I find a gardener in my area?"",
    ""acceptedAnswer"": {
      ""@type"": ""Answer"",
      ""text"": ""To find a gardener near you, simply visit EzyHelpers or call our helpline. We connect you with experienced local gardeners for home gardens, balconies, villas, and apartment spaces, matched to your exact location and needs.""
    }
  },{
    ""@type"": ""Question"",
    ""name"": ""How to pick a gardener?"",
    ""acceptedAnswer"": {
      ""@type"": ""Answer"",
      ""text"": ""Look for experience, plant knowledge, and service reliability. At EzyHelpers, all our gardeners are pre-verified and skilled in different garden styles, including organic, terrace, and villa setups.""
    }
  },{
    ""@type"": ""Question"",
    ""name"": ""What can a gardener do?"",
    ""acceptedAnswer"": {
      ""@type"": ""Answer"",
      ""text"": ""Gardeners handle planting, pruning, soil preparation, composting, pest control, lawn care, and full garden design.""
    }
  },{
    ""@type"": ""Question"",
    ""name"": ""What are the duties of a gardener?"",
    ""acceptedAnswer"": {
      ""@type"": ""Answer"",
      ""text"": ""A gardener’s main duties include watering, weeding, pruning, fertilising, disease control, seasonal planting, and general garden upkeep. With EzyHelpers, you can expect trained gardeners who take full care of your plants, ensuring healthy growth and beautiful, green surroundings all year round.""
    }
  }]
}
</script>"
APPLIANCE REPAIR,Trusted Electrical Appliance Repair in Bangalore – Fast & Reliable Service,https://www.ezyhelpers.com/cities/bangalore/appliance-repair,"Electrical Appliance Repair in Bangalore | TV, AC, Fridge Fix
","Fix all home appliances in Bangalore. TV, AC, fridge, washing machine repair. Expert technicians, doorstep service.
","<script type=""application/ld+json"">
{
  ""@context"": ""https://schema.org"",
  ""@type"": ""FAQPage"",
  ""mainEntity"": [{
    ""@type"": ""Question"",
    ""name"": ""What makes your electrical appliance repair in Bangalore different?"",
    ""acceptedAnswer"": {
      ""@type"": ""Answer"",
      ""text"": ""Our multi-brand service expertise, genuine spare parts, and energy-efficient repairs make us a cost-effective and trustworthy option with warranty-backed service for modern Bangalore households.""
    }
  },{
    ""@type"": ""Question"",
    ""name"": ""Do you provide same-day appliance repair services?"",
    ""acceptedAnswer"": {
      ""@type"": ""Answer"",
      ""text"": ""Yes, we offer same-day repair service across Bangalore, depending on technician availability. Response time is typically 90 minutes in central zones and 2 hours in outer areas.""
    }
  },{
    ""@type"": ""Question"",
    ""name"": ""Which appliance brands do you service?"",
    ""acceptedAnswer"": {
      ""@type"": ""Answer"",
      ""text"": ""We handle appliances from major brands like LG, Samsung, Whirlpool, Bosch, Godrej, Haier, IFB, and more using expert multi-brand technical know-how. Call us to check support for your specific brand.""
    }
  },{
    ""@type"": ""Question"",
    ""name"": ""How do you handle broken appliance repair in Bangalore?"",
    ""acceptedAnswer"": {
      ""@type"": ""Answer"",
      ""text"": ""We begin with fast diagnostics to identify the core issue, then proceed with transparent pricing and on-the-spot repair using original spare parts.""
    }
  },{
    ""@type"": ""Question"",
    ""name"": ""Do you fix appliances making noise or overheating?"",
    ""acceptedAnswer"": {
      ""@type"": ""Answer"",
      ""text"": ""Yes. Our experts are trained to diagnose noise, vibration, and overheating problems and offer lasting solutions that restore performance.""
    }
  },{
    ""@type"": ""Question"",
    ""name"": ""Do you provide doorstep appliance repair in Bangalore?"",
    ""acceptedAnswer"": {
      ""@type"": ""Answer"",
      ""text"": ""Absolutely. EzyHelpers offers reliable doorstep repair services for all major appliances across Bangalore, ensuring convenient and professional fixes without you needing to step out.""
    }
  },{
    ""@type"": ""Question"",
    ""name"": ""Can I get a quote for appliance repair before booking?"",
    ""acceptedAnswer"": {
      ""@type"": ""Answer"",
      ""text"": ""Yes, we provide estimates based on the appliance issue. After a quick diagnosis, the technician will provide a transparent price quote before beginning the repair.""
    }
  },{
    ""@type"": ""Question"",
    ""name"": ""Do your technicians carry spare parts during the home visit?"",
    ""acceptedAnswer"": {
      ""@type"": ""Answer"",
      ""text"": ""Yes, our technicians usually carry common spare parts. If a rare part is required, we source it quickly and return promptly to complete the installation.""
    }
  }]
}
</script>"
PLUMBER,"Professional House Plumbing Repair in Bangalore
",https://www.ezyhelpers.com/cities/bangalore/plumber,"House Plumbing Repair in Bangalore | Water Problem Fix
","Fix leaking taps, blocked drains, or bathroom issues with verified plumbers. Book same-day house plumbing repair in Bangalore with on-time professionals.","<script type=""application/ld+json"">
{
  ""@context"": ""https://schema.org"",
  ""@type"": ""FAQPage"",
  ""mainEntity"": [{
    ""@type"": ""Question"",
    ""name"": ""Is plumbing help available for apartments in Bangalore?"",
    ""acceptedAnswer"": {
      ""@type"": ""Answer"",
      ""text"": ""Yes, our plumber services in Bangalore specialise in apartment complexes and high-rise buildings. We understand space constraints, neighbour considerations, and building-specific plumbing systems.""
    }
  },{
    ""@type"": ""Question"",
    ""name"": ""Do your plumbers handle bathroom renovation for traditional homes?"",
    ""acceptedAnswer"": {
      ""@type"": ""Answer"",
      ""text"": ""Yes, our bathroom renovation support includes complete upgrades for older homes, modern fixture installation, and space optimisation that is perfect for traditional houses.""
    }
  },{
    ""@type"": ""Question"",
    ""name"": ""Can I schedule a plumbing inspection before moving into a flat?"",
    ""acceptedAnswer"": {
      ""@type"": ""Answer"",
      ""text"": ""Yes, our pre-move plumbing inspections ensure that your new flat has leak-free and functional plumbing. It’s a smart step to avoid post-move hassles or unexpected repair costs.""
    }
  },{
    ""@type"": ""Question"",
    ""name"": ""Do plumbers repair both PVC and metal plumbing systems?"",
    ""acceptedAnswer"": {
      ""@type"": ""Answer"",
      ""text"": ""Yes. Our trained plumbers handle all types of plumbing systems, including PVC, CPVC, GI, PEX, and copper piping, using tools and techniques suited for each material.""
    }
  },{
    ""@type"": ""Question"",
    ""name"": ""What causes frequent drain blockages in homes?"",
    ""acceptedAnswer"": {
      ""@type"": ""Answer"",
      ""text"": ""Drain blockages in homes are often caused by hair accumulation, soap residue, food particles, and hard water mineral deposits. Kitchen drains may also clog due to oil and grease buildup. Our drain cleaning service uses high-pressure water jetting to effectively remove all obstructions.""
    }
  },{
    ""@type"": ""Question"",
    ""name"": ""Do I need to buy the parts, or will your plumber bring them?"",
    ""acceptedAnswer"": {
      ""@type"": ""Answer"",
      ""text"": ""No need to worry. Our plumbers come fully prepared. When you book our house plumbing repair service in Bangalore, they will first inspect the issue and recommend the necessary parts. If replacements are needed, they’ll either carry them or source genuine parts from trusted local suppliers. You won’t have to visit a store or guess what’s needed; we handle everything transparently and efficiently.""
    }
  },{
    ""@type"": ""Question"",
    ""name"": ""Do your plumbers work on Sundays or public holidays?"",
    ""acceptedAnswer"": {
      ""@type"": ""Answer"",
      ""text"": ""Yes, absolutely. Our plumber services in Bangalore are available seven days a week, including Sundays and public holidays. We understand that plumbing emergencies don’t follow a calendar. Our verified plumbers are always ready to provide prompt, doorstep plumbing support.""
    }
  },{
    ""@type"": ""Question"",
    ""name"": ""How do I hire a local plumber in Bangalore?"",
    ""acceptedAnswer"": {
      ""@type"": ""Answer"",
      ""text"": ""With EzyHelpers, finding a reliable plumber nearby is no trouble at all. Just visit our website or call our customer support to book a certified plumber near you. We’ll match you with a background-verified and experienced plumbing professional based on your location and service need. You can also schedule services for weekends or emergency slots. No need to search endlessly or deal with unreliable handymen.""
    }
  }]
}
</script>"
HOME DEEP CLEANING,"Professional Deep Clean Services for Homes in Bangalore
",https://www.ezyhelpers.com/cities/bangalore/home-deep-cleaning,"Deep Cleaning Services in Bangalore | Home Sanitize","Deep cleaning services in Bangalore for full home hygiene. Includes kitchen, bathroom, and sofa cleaning by trained professionals with safe products.
","<script type=""application/ld+json"">
{
  ""@context"": ""https://schema.org"",
  ""@type"": ""FAQPage"",
  ""mainEntity"": [{
    ""@type"": ""Question"",
    ""name"": ""How often should I book home cleaning in Bangalore?"",
    ""acceptedAnswer"": {
      ""@type"": ""Answer"",
      ""text"": ""It depends on your home and lifestyle. For working professionals with less time for regular cleaning, monthly deep cleaning is ideal. Families with kids or allergy concerns may benefit from services every two weeks. For general upkeep, a thorough cleaning every 3 to 4 months helps maintain hygiene and freshness.""
    }
  },{
    ""@type"": ""Question"",
    ""name"": ""Are your cleaning products safe for children and pets?"",
    ""acceptedAnswer"": {
      ""@type"": ""Answer"",
      ""text"": ""Yes, we use eco-friendly and non-toxic cleaning products that are completely safe for households with kids, elderly members, and pets. Our goal is to ensure deep cleanliness without compromising your family’s safety or indoor air quality.""
    }
  },{
    ""@type"": ""Question"",
    ""name"": ""Do you clean windows and balconies in Bangalore homes?"",
    ""acceptedAnswer"": {
      ""@type"": ""Answer"",
      ""text"": ""Yes, we clean windows, glass panels, grills, and balcony spaces. Bangalore’s dust and pollution can make these areas look dull. Our service brings back shine and cleanliness so your windows are spotless and balconies are inviting again.""
    }
  },{
    ""@type"": ""Question"",
    ""name"": ""Do you offer apartment deep cleaning services?"",
    ""acceptedAnswer"": {
      ""@type"": ""Answer"",
      ""text"": ""Yes, we specialise in deep cleaning services for apartments, gated communities, and high-rise buildings in Bangalore. Our team uses compact equipment suited for apartment layouts and ensures every corner is cleaned, including balconies and shared areas.""
    }
  },{
    ""@type"": ""Question"",
    ""name"": ""How long does a deep cleaning take?"",
    ""acceptedAnswer"": {
      ""@type"": ""Answer"",
      ""text"": ""Deep cleaning typically takes 4 to 8 hours, depending on your home’s size and the depth of cleaning required. If your home hasn’t been cleaned in a while, or if it's a post-renovation service, it may take a bit longer for the best results.""
    }
  },{
    ""@type"": ""Question"",
    ""name"": ""What is the difference between regular house cleaning and deep cleaning?"",
    ""acceptedAnswer"": {
      ""@type"": ""Answer"",
      ""text"": ""Regular house cleaning typically involves basic upkeep like dusting, sweeping, and wiping surfaces. Deep cleaning, on the other hand, reaches under furniture, scrubs stubborn stains, disinfects surfaces, and targets hidden dust and grime. It’s a more thorough, detailed, and hygienic cleaning solution.""
    }
  },{
    ""@type"": ""Question"",
    ""name"": ""Is deep cleaning more expensive than regular cleaning?"",
    ""acceptedAnswer"": {
      ""@type"": ""Answer"",
      ""text"": ""Yes, deep cleaning usually costs more than regular cleaning because it takes more time, involves stronger tools and products, and covers more areas in detail. It’s designed to deliver long-lasting cleanliness and better hygiene.""
    }
  },{
    ""@type"": ""Question"",
    ""name"": ""What are the benefits of deep cleaning your house?"",
    ""acceptedAnswer"": {
      ""@type"": ""Answer"",
      ""text"": ""Deep cleaning removes layers of dust, allergens, and bacteria that regular cleaning misses. It improves air quality, reduces health risks, and makes your home feel fresher. It also helps protect furniture and appliances, extending their lifespan with proper care.""
    }
  },{
    ""@type"": ""Question"",
    ""name"": ""Can I book deep cleaning just for one room or area?"",
    ""acceptedAnswer"": {
      ""@type"": ""Answer"",
      ""text"": ""Yes, you can choose to clean specific areas like only the kitchen, bathrooms, or balconies. We offer flexible plans based on your needs.""
    }
  },{
    ""@type"": ""Question"",
    ""name"": ""Do I need to be at home during the deep cleaning service?"",
    ""acceptedAnswer"": {
      ""@type"": ""Answer"",
      ""text"": ""Not necessarily. Many of our clients go about their day while we handle the cleaning professionally and securely. Our background-verified staff ensures secure and professional service, whether you're present or not.""
    }
  }]
}
</script>"
PAINTERS,"Professional Interior and Exterior Painting in Bangalore",https://www.ezyhelpers.com/cities/bangalore/painter,"House Painting in Bangalore | Interior & Exterior
","Interior and exterior painting in Bangalore by verified painters. Stylish colours, expert finishes, and fast service for homes, flats, and villas.
","<script type=""application/ld+json"">
{
  ""@context"": ""https://schema.org"",
  ""@type"": ""FAQPage"",
  ""mainEntity"": [{
    ""@type"": ""Question"",
    ""name"": ""How long does interior painting take for a 2BHK apartment in Bangalore?"",
    ""acceptedAnswer"": {
      ""@type"": ""Answer"",
      ""text"": ""For a standard 2BHK apartment, interior painting usually takes around 3 to 4 days. We follow a dust-free process and paint room by room, so you can stay comfortably at home while work is ongoing. If it’s monsoon season, drying time may be slightly longer depending on humidity.""
    }
  },{
    ""@type"": ""Question"",
    ""name"": ""Can you paint during Bangalore's monsoon season?"",
    ""acceptedAnswer"": {
      ""@type"": ""Answer"",
      ""text"": ""Yes. We use quick-drying paints and plan around Bangalore’s unpredictable weather to avoid any delays or damage. As long as there's no heavy or prolonged rainfall, we can still complete both interior and exterior jobs with proper care.""
    }
  },{
    ""@type"": ""Question"",
    ""name"": ""How do you protect furniture during painting?"",
    ""acceptedAnswer"": {
      ""@type"": ""Answer"",
      ""text"": ""Before starting, we fully cover all furniture, flooring, and appliances with plastic sheets and protective drop cloths. We follow a room-by-room process, keeping your home tidy and liveable even during the painting.""
    }
  },{
    ""@type"": ""Question"",
    ""name"": ""Can I get help choosing the right colours?"",
    ""acceptedAnswer"": {
      ""@type"": ""Answer"",
      ""text"": ""Definitely. We provide free colour consultation to help you pick shades that match your room size, natural lighting, mood, and décor. Whether you're looking for calm neutrals or vibrant accents, we guide you through the latest colour trends and paint finishes.""
    }
  },{
    ""@type"": ""Question"",
    ""name"": ""What kind of paint do you use?"",
    ""acceptedAnswer"": {
      ""@type"": ""Answer"",
      ""text"": ""We use high-quality paints from trusted brands like Asian Paints, Nerolac, and Dulux. You can choose from budget-friendly options, standard emulsions, or luxury finishes depending on your needs and preferences.""
    }
  },{
    ""@type"": ""Question"",
    ""name"": ""How much does it cost to paint exterior vs interior?"",
    ""acceptedAnswer"": {
      ""@type"": ""Answer"",
      ""text"": ""The cost depends on the total area, wall condition, type of paint, and design choices. Exterior painting generally costs more due to weatherproofing needs, scaffolding, and surface preparation. Interior painting varies based on whether you choose basic colours or designer finishes. We provide a detailed quote after a free site visit.""
    }
  },{
    ""@type"": ""Question"",
    ""name"": ""Do you offer painting for occupied homes without disruption?"",
    ""acceptedAnswer"": {
      ""@type"": ""Answer"",
      ""text"": ""Yes, we specialise in painting homes where families continue to live. Our dust-free methods, planned scheduling, and daily cleanups ensure your routine stays undisturbed.""
    }
  },{
    ""@type"": ""Question"",
    ""name"": ""Can I paint just one room or wall?"",
    ""acceptedAnswer"": {
      ""@type"": ""Answer"",
      ""text"": ""Of course. Whether it’s a single accent wall, bedroom refresh, or kitchen repaint, we offer partial painting services with the same care and quality as full-home projects.""
    }
  },{
    ""@type"": ""Question"",
    ""name"": ""Do you provide paint polishing for wood or metal?"",
    ""acceptedAnswer"": {
      ""@type"": ""Answer"",
      ""text"": ""Yes, we offer painting and polishing services for doors, windows, grills, and furniture. Options include enamel, PU, and wood finishes, depending on your requirements.""
    }
  },{
    ""@type"": ""Question"",
    ""name"": ""What if I need painting urgently or over a weekend?"",
    ""acceptedAnswer"": {
      ""@type"": ""Answer"",
      ""text"": ""We offer flexible scheduling, including urgent bookings, weekends, and even night shifts if required. Just let us know your timeline, and we’ll plan accordingly.""
    }
  }]
}
</script>"