PAGES,H1,Canonical Tag,Meta Title,Meta Description,FAQ Schema
HOME PAGE,Your Trusted House Help & Complete Home Care,https://www.ezyhelpers.com,Trusted & Verified House Help Service in India | EzyHelpers,"Find safe & verified house help service across India. EzyHelpers connects you with trained maids for daily chores, cleaning, cooking & more. ",
ABOUT US PAGE,About EzyHelpers,https://www.ezyhelpers.com/about,EzyHelpers | Your Trusted Domestic Helper Services Provider,"Trusted domestic helper services by EzyHelpers ensure your home is cared for with professionalism, reliability, and the peace of mind families deserve.",
LIVE-IN MAID,Live-In Maid Services – Dedicated Help for Every Need,https://www.ezyhelpers.com/services/live-in-maids,Get 24/7 Help with Expert Live in Maid Services– Book Instantly,Live-in maid services with 24/7 support. Trained and Background verified professionals for complete home care. Quick placement in 24-72 hours guaranteed.,"<script type=""application/ld+json"">
{
  ""@context"": ""https://schema.org"",
  ""@type"": ""FAQPage"",
  ""mainEntity"": [{
    ""@type"": ""Question"",
    ""name"": ""What services does a live-in maid provide?"",
    ""acceptedAnswer"": {
      ""@type"": ""Answer"",
      ""text"": ""A live-in maid stays in your home full-time and works up to 12 hours a day. She focuses on one task only, such as housekeeping, cooking, babysitting (child care), or elderly care. You can choose the type of help your family needs most.""
    }
  },{
    ""@type"": ""Question"",
    ""name"": ""Are live-in maids background-verified?"",
    ""acceptedAnswer"": {
      ""@type"": ""Answer"",
      ""text"": ""Yes, all our live-in maids are background verified. We check Aadhaar, local address (if available), and basic identity. Police verification and medical checkups can also be arranged at an extra cost for added peace of mind.""
    }
  },{
    ""@type"": ""Question"",
    ""name"": ""Does a live-in maid handle multiple household tasks?"",
    ""acceptedAnswer"": {
      ""@type"": ""Answer"",
      ""text"": ""No, each live-in maid is trained for one specific task only, either cleaning, cooking, child care, or elder care. This ensures better quality and focus. Minor extra help may be provided only if both sides agree.""
    }
  },{
    ""@type"": ""Question"",
    ""name"": ""How is a live-in maid different from a full-time or part-time maid?"",
    ""acceptedAnswer"": {
      ""@type"": ""Answer"",
      ""text"": ""A live-in maid stays at your home 24x7 and works a structured 12-hour shift every day. In contrast, full-time and part-time maids come from outside and leave after completing their 8–10 hour or 2–6 hour shifts.""
    }
  },{
    ""@type"": ""Question"",
    ""name"": ""What is the difference between a live-in maid and a full-time maid?"",
    ""acceptedAnswer"": {
      ""@type"": ""Answer"",
      ""text"": ""A live-in maid lives in your home and offers full-day support, while a full-time maid comes daily but does not stay overnight. Live-in maids offer better continuity and are ideal for families who need a reliable, round-the-clock presence.""
    }
  },{
    ""@type"": ""Question"",
    ""name"": ""What are the working hours for a live-in maid?"",
    ""acceptedAnswer"": {
      ""@type"": ""Answer"",
      ""text"": ""Live-in maids work for 12 hours a day with a fixed schedule. They stay 24 hours at your home but are not expected to work all day or during the night.""
    }
  },{
    ""@type"": ""Question"",
    ""name"": ""Do I need to provide accommodation for the live-in maid?"",
    ""acceptedAnswer"": {
      ""@type"": ""Answer"",
      ""text"": ""Yes. You’ll need to provide a room (private or shared) with basic facilities like a bed, mattress, or cot, and bathroom access. A comfortable space helps the maid feel at home and do her job better.""
    }
  },{
    ""@type"": ""Question"",
    ""name"": ""Can I hire a live-in maid just for cooking or babysitting?"",
    ""acceptedAnswer"": {
      ""@type"": ""Answer"",
      ""text"": ""Absolutely. You can hire a live-in maid specifically for cooking, housekeeping, child care, or elderly care. Each maid is trained in only one area and is placed based on your exact household needs.""
    }
  },{
    ""@type"": ""Question"",
    ""name"": ""How fast can EzyHelpers place a live-in maid in my home?"",
    ""acceptedAnswer"": {
      ""@type"": ""Answer"",
      ""text"": ""In most cases, we can place a live-in maid within 24 to 72 hours after understanding your needs. You’ll get profiles of trained and background-verified maids to choose from quickly.""
    }
  },{
    ""@type"": ""Question"",
    ""name"": ""What qualifications or training do EzyHelpers' live-in maids have?"",
    ""acceptedAnswer"": {
      ""@type"": ""Answer"",
      ""text"": ""Our live-in maids are trained in their specific roles, whether it’s hygiene and cleaning, cooking meals, child safety and development, or senior care. We also verify their previous work experience and ensure they’re ready for real-life tasks.""
    }
  },{
    ""@type"": ""Question"",
    ""name"": ""How many off days do live-in maids get?"",
    ""acceptedAnswer"": {
      ""@type"": ""Answer"",
      ""text"": ""Every live-in maid is entitled to two days off per month. These can be decided in advance by mutual agreement. Respecting off days helps the maid stay motivated and refreshed.""
    }
  },{
    ""@type"": ""Question"",
    ""name"": ""Can I interview the live-in maid before hiring?"",
    ""acceptedAnswer"": {
      ""@type"": ""Answer"",
      ""text"": ""Yes. We arrange interviews with 2–3 shortlisted maids via phone or video call. You can speak to them, ask questions, and choose the one that feels right for your home.""
    }
  },{
    ""@type"": ""Question"",
    ""name"": ""Is the pricing for live-in maid services fixed?"",
    ""acceptedAnswer"": {
      ""@type"": ""Answer"",
      ""text"": ""Pricing is flexible and depends on the role (cooking, cleaning, etc.), the maid’s experience, and your location. We offer transparent rates without hidden charges, and you pay directly to the helper. Contact us for a detailed quote.""
    }
  },{
    ""@type"": ""Question"",
    ""name"": ""Is there a trial period for live-in maids?"",
    ""acceptedAnswer"": {
      ""@type"": ""Answer"",
      ""text"": ""Yes, we offer a trial period if you’d like to assess the maid before finalising. However, many families skip the trial once they’re satisfied after the interview. We leave the choice up to you.""
    }
  }]
}
</script>"
FULL-TIME MAID,"Full-Time Maid Services – Consistent, Daily Help Without Stay-In
",https://www.ezyhelpers.com/services/full-time-maids,Full Time Maid Services |  Full Day Help for Your Home,"Reliable full-time maid services for daily cleaning, cooking & home care. Get 8–10 hrs of trained, verified help daily. Book trusted maids near you today!","<script type=""application/ld+json"">
{
  ""@context"": ""https://schema.org"",
  ""@type"": ""FAQPage"",
  ""mainEntity"": [{
    ""@type"": ""Question"",
    ""name"": ""What is a full-time maid service?"",
    ""acceptedAnswer"": {
      ""@type"": ""Answer"",
      ""text"": ""A full-time maid service offers professional household help who works 8 to 10 hours a day, 6 days a week. The maid focuses on one main task, like housekeeping, cooking, child care, or elderly care, so you get consistent and reliable support for your home.""
    }
  },{
    ""@type"": ""Question"",
    ""name"": ""How many hours does a full-time maid work daily?"",
    ""acceptedAnswer"": {
      ""@type"": ""Answer"",
      ""text"": ""Full-time maids usually work between 8 to 10 hours a day. You can choose the timing that fits your routine. Unlike live-in maids, they leave after their shift and do not stay overnight.""
    }
  },{
    ""@type"": ""Question"",
    ""name"": ""What services do full-time maids provide?"",
    ""acceptedAnswer"": {
      ""@type"": ""Answer"",
      ""text"": ""Full-time maids help with one key area based on your needs:
Housekeeping: Cleaning, dusting, laundry, dishwashing, room organization
Cooking: Preparing meals, grocery handling, kitchen cleaning
Babysitting: Feeding kids, school pickup and drop, homework help
Elderly Care: Bathing, mobility support, medication reminders, companionship""
    }
  },{
    ""@type"": ""Question"",
    ""name"": ""Are full-time maids background verified?"",
    ""acceptedAnswer"": {
      ""@type"": ""Answer"",
      ""text"": ""Yes, all our full-time maids are fully verified. We check their Aadhaar, local address, and past experience. Police and medical checks can also be arranged if you need them.""
    }
  },{
    ""@type"": ""Question"",
    ""name"": ""Can a full-time maid do multiple tasks like cooking and cleaning?"",
    ""acceptedAnswer"": {
      ""@type"": ""Answer"",
      ""text"": ""No, each full-time maid is trained for one role only. For example, if you hire a cook, she will only handle kitchen-related tasks. However, if you need a little extra help, you can discuss it with her in advance and come to an agreement.""
    }
  },{
    ""@type"": ""Question"",
    ""name"": ""How much does a full-time maid cost?"",
    ""acceptedAnswer"": {
      ""@type"": ""Answer"",
      ""text"": ""The cost of a full-time maid depends on your city and the type of service you choose. Our rates are fair and transparent, with no hidden fees. Just contact EzyHelpers for a free quote based on your location and needs.""
    }
  },{
    ""@type"": ""Question"",
    ""name"": ""Do full-time maids get weekly days off?"",
    ""acceptedAnswer"": {
      ""@type"": ""Answer"",
      ""text"": ""Yes, all full-time maids get one day off every week. You can decide this day together when you hire. You can also discuss public or religious holidays with the maid in advance.""
    }
  },{
    ""@type"": ""Question"",
    ""name"": ""What happens if my full-time maid does not show up?"",
    ""acceptedAnswer"": {
      ""@type"": ""Answer"",
      ""text"": ""Don’t worry. EzyHelpers offers a quick replacement if your maid is absent or unavailable. We always keep a backup option ready so your daily routine doesn’t get disrupted.""
    }
  },{
    ""@type"": ""Question"",
    ""name"": ""What support do I get after hiring a full-time maid?"",
    ""acceptedAnswer"": {
      ""@type"": ""Answer"",
      ""text"": ""Even after you hire a maid, we stay connected. Our team checks in regularly, helps resolve issues, and provides fast replacements if needed. We also track how things are going during the trial period to make sure everything is smooth.""
    }
  },{
    ""@type"": ""Question"",
    ""name"": ""Do I need to provide meals?"",
    ""acceptedAnswer"": {
      ""@type"": ""Answer"",
      ""text"": ""In most cases, no. Full-time maids bring their own food. But if both you and the maid are comfortable, you can decide to provide meals. Just make sure to discuss this clearly during the hiring process.""
    }
  }]
}
</script>"
PART-TIME MAID,"Part-Time Maid Services – Flexible Help, When You Need It",https://www.ezyhelpers.com/services/part-time-maids,Part-Time Maid Services | 2-6 Hours Daily | EzyHelpers,Flexible part-time maid services from 2-6 hours daily. Perfect for working professionals. Customizable schedules with background verified helpers.,"<script type=""application/ld+json"">
{
  ""@context"": ""https://schema.org"",
  ""@type"": ""FAQPage"",
  ""mainEntity"": [{
    ""@type"": ""Question"",
    ""name"": ""What is a part-time maid service?"",
    ""acceptedAnswer"": {
      ""@type"": ""Answer"",
      ""text"": ""A part-time maid service means you get a trained house helper who comes to your home for a few hours each day. They handle things like cleaning, cooking, or babysitting, depending on what you need. Unlike a full-time or live-in maid, a part-time maid works for a fixed number of hours and goes home after their shift, giving you the support you need without a long-term stay.""
    }
  },{
    ""@type"": ""Question"",
    ""name"": ""How many hours do part-time maids work per day?"",
    ""acceptedAnswer"": {
      ""@type"": ""Answer"",
      ""text"": ""Part-time maids usually work between 2 to 6 hours a day. The exact number of hours depends on your requirements and the tasks you want them to do. You can set a schedule that works for you, daily, alternate days, or even just a few days a week.""
    }
  },{
    ""@type"": ""Question"",
    ""name"": ""What services do part-time maids provide?"",
    ""acceptedAnswer"": {
      ""@type"": ""Answer"",
      ""text"": ""Part-time maids offer different types of help based on your needs. We provide:
Housekeeping: Sweeping, mopping, dusting, kitchen and bathroom cleaning, laundry, and room organisation
Cooking: Meal planning, food prep, cooking, and kitchen cleaning
Babysitting: Feeding, child supervision, homework help, and school pickup or drop-off
Elderly care: Bathing, dressing, medication reminders, and emotional support
Specific tasks: Like laundry, dishwashing, bathroom cleaning, or organizing storage areas
So, whether you need help every day or just with a few chores, a part-time house maid can be the right fit.""
    }
  },{
    ""@type"": ""Question"",
    ""name"": ""How much does a part-time maid cost?"",
    ""acceptedAnswer"": {
      ""@type"": ""Answer"",
      ""text"": ""The cost of a part-time maid depends on how many hours you need help and the type of service you choose. EzyHelpers offers affordable hourly rates with no hidden charges. You can choose from daily, weekly, or customized plans based on your home’s needs.""
    }
  },{
    ""@type"": ""Question"",
    ""name"": ""Are part-time maids’ backgrounds verified?"",
    ""acceptedAnswer"": {
      ""@type"": ""Answer"",
      ""text"": ""Yes, every part-time maid provided by EzyHelpers is 100 percent background verified. We check their ID, past experience, and references and also make sure they’re trained in home hygiene. Your safety and trust come first.""
    }
  },{
    ""@type"": ""Question"",
    ""name"": ""Can I schedule part-time maid visits weekly instead of daily?"",
    ""acceptedAnswer"": {
      ""@type"": ""Answer"",
      ""text"": ""Absolutely. You can choose how often you want a part-time maid to come. Some customers need daily visits, while others prefer 2 or 3 times a week. The service is flexible; you can set a routine that suits your home and budget.""
    }
  },{
    ""@type"": ""Question"",
    ""name"": ""What happens if my part-time maid does not show up?"",
    ""acceptedAnswer"": {
      ""@type"": ""Answer"",
      ""text"": ""If your assigned part-time maid is absent or unavailable, we’ll arrange a replacement within 24 hours. EzyHelpers takes punctuality seriously, and we make sure your home tasks don’t get delayed.""
    }
  },{
    ""@type"": ""Question"",
    ""name"": ""Do part-time maids work on Sundays?"",
    ""acceptedAnswer"": {
      ""@type"": ""Answer"",
      ""text"": ""Most part-time maids take one weekly day off, and that’s usually Sunday. But if you need service on Sundays, we can try to match you with someone available. It’s best to confirm this during the booking.""
    }
  },{
    ""@type"": ""Question"",
    ""name"": ""Can I hire a part-time maid for specific household tasks only?"",
    ""acceptedAnswer"": {
      ""@type"": ""Answer"",
      ""text"": ""Yes, of course. You can hire a part-time maid for just one task like bathroom cleaning, ironing, or dishwashing. These are called specific-task services and are great if you don’t need help with everything, just one or two chores.""
    }
  },{
    ""@type"": ""Question"",
    ""name"": ""Are duties of part-time maids fixed in advance?"",
    ""acceptedAnswer"": {
      ""@type"": ""Answer"",
      ""text"": ""Yes, all tasks are discussed and agreed upon before the maid starts work. This helps avoid confusion later. For example, if you hire a maid for cooking, she won’t be expected to also do laundry unless that was decided upfront.""
    }
  }]
}
</script>"
ON-DEMAND MAID,On-Demand Maid Services – Instant Help When You Need It Most,https://www.ezyhelpers.com/services/on-demand-helpers,On-Demand Helper Services | Same Day Booking | EzyHelpers,"Emergency on-demand helper services available same day. Perfect for events, deep cleaning & urgent household tasks. Call +91 9972571005 for instant help.","<script type=""application/ld+json"">
{
  ""@context"": ""https://schema.org"",
  ""@type"": ""FAQPage"",
  ""mainEntity"": [{
    ""@type"": ""Question"",
    ""name"": ""What is an on-demand maid service?"",
    ""acceptedAnswer"": {
      ""@type"": ""Answer"",
      ""text"": ""An on-demand maid service helps you get quick household support when you need it most. EzyHelpers offers same-day emergency maids for cleaning, cooking, babysitting, and care. It is ideal for unexpected situations and short-term help. You can book it for just a few hours without any long-term contract.""
    }
  },{
    ""@type"": ""Question"",
    ""name"": ""How quickly can I get an on-demand maid?"",
    ""acceptedAnswer"": {
      ""@type"": ""Answer"",
      ""text"": ""EzyHelpers can send an on-demand maid within a few hours of your request. We offer same-day service across most locations. For faster response, it is best to book early, especially during weekends or holidays.""
    }
  },{
    ""@type"": ""Question"",
    ""name"": ""Do I need to pay upfront, or can I pay after the emergency service is completed?"",
    ""acceptedAnswer"": {
      ""@type"": ""Answer"",
      ""text"": ""You can pay after the service is completed. We accept multiple payment methods, including cash, UPI, and card. The total charge is confirmed before the service begins, and payment is only required once you're satisfied with the help provided.""
    }
  },{
    ""@type"": ""Question"",
    ""name"": ""Can I request a female helper for emergency babysitting or elderly care?"",
    ""acceptedAnswer"": {
      ""@type"": ""Answer"",
      ""text"": ""Yes, you can request a female helper. We understand that families may prefer female support for services like babysitting or elder care. Just let us know your preference while booking. We try our best to match it, depending on availability.""
    }
  },{
    ""@type"": ""Question"",
    ""name"": ""Can I cancel my emergency booking if my situation changes?"",
    ""acceptedAnswer"": {
      ""@type"": ""Answer"",
      ""text"": ""Yes, you can cancel your emergency booking. However, since these services are fast and same-day, some charges may apply if the helper is already on the way. For best results, inform our support team as early as possible.""
    }
  },{
    ""@type"": ""Question"",
    ""name"": ""Can I hire an on-demand cook for same-day meals?"",
    ""acceptedAnswer"": {
      ""@type"": ""Answer"",
      ""text"": ""Yes, we offer on-demand cooks for same-day meal preparation. They can help with cooking meals for your family, small parties, or guests. They also help with groceries, menu planning, and kitchen cleaning. You can request this service for a few hours or for a full day.""
    }
  },{
    ""@type"": ""Question"",
    ""name"": ""Can I choose the language my emergency helper speaks?"",
    ""acceptedAnswer"": {
      ""@type"": ""Answer"",
      ""text"": ""Yes, you can mention your preferred language when booking. Most of our helpers speak both local languages and basic English. We will try to match you with someone who can communicate clearly with your family.""
    }
  },{
    ""@type"": ""Question"",
    ""name"": ""How is emergency service different from regular part-time maid service?"",
    ""acceptedAnswer"": {
      ""@type"": ""Answer"",
      ""text"": ""Emergency maid services are for urgent, same-day help. You can book them instantly for short periods without contracts. Part-time services are scheduled regularly with fixed timings and long-term arrangements. Emergency services are quicker but may cost slightly more per hour.""
    }
  }]
}
</script>"
NANNY,"Nanny & Babysitter – Expert Childcare You Trust
",https://www.ezyhelpers.com/services/nanny-babysitter,Professional Babysitter Services | Certified | EzyHelpers,Trusted babysitter & nanny services with child safety certified professionals. 24/7 childcare support for working parents. Background verified & trained.,"<script type=""application/ld+json"">
{
  ""@context"": ""https://schema.org"",
  ""@type"": ""FAQPage"",
  ""mainEntity"": [{
    ""@type"": ""Question"",
    ""name"": ""What is the difference between a babysitter and a nanny?"",
    ""acceptedAnswer"": {
      ""@type"": ""Answer"",
      ""text"": ""A babysitter is usually hired for short-term or occasional childcare, like during events or emergencies. A nanny provides long-term, full-time support. Nannies help with daily routines such as meals, learning activities, hygiene, and emotional care for your child.""
    }
  },{
    ""@type"": ""Question"",
    ""name"": ""How do you ensure the safety and reliability of your babysitters and nannies?"",
    ""acceptedAnswer"": {
      ""@type"": ""Answer"",
      ""text"": ""All EzyHelpers babysitters and nannies are background-verified for safety. We check Aadhaar, address proof, and past job history. Police and medical checks are also available to ensure secure and professional childcare for your family.""
    }
  },{
    ""@type"": ""Question"",
    ""name"": ""Do I need to provide a room for a live-in nanny?"",
    ""acceptedAnswer"": {
      ""@type"": ""Answer"",
      ""text"": ""Yes, if you hire a live-in nanny, you need to provide a private or shared room with basic things like a bed, mattress, or cot, and bathroom access. Comfortable accommodation helps the nanny stay well-rested and care for your child better.""
    }
  },{
    ""@type"": ""Question"",
    ""name"": ""Can I choose the babysitter or nanny myself?"",
    ""acceptedAnswer"": {
      ""@type"": ""Answer"",
      ""text"": ""Yes, you can choose. We share profiles of verified babysitters and nannies based on your needs. You can talk to them via phone, video call, or in person and pick the one who feels right for your child and family.""
    }
  },{
    ""@type"": ""Question"",
    ""name"": ""Do you offer emergency or same-day babysitter services?"",
    ""acceptedAnswer"": {
      ""@type"": ""Answer"",
      ""text"": ""Yes, we provide same-day and emergency babysitting services. If you need last-minute help due to travel, work, or urgent plans, our trained babysitters can reach your home quickly to care for your child safely and professionally.""
    }
  },{
    ""@type"": ""Question"",
    ""name"": ""Can the babysitter work around my office hours or changing schedule?"",
    ""acceptedAnswer"": {
      ""@type"": ""Answer"",
      ""text"": ""Yes, our babysitters are available for flexible hours. Whether you work early mornings, night shifts, or weekends or have a changing routine, we’ll match you with a caretaker whose timing fits your schedule.""
    }
  },{
    ""@type"": ""Question"",
    ""name"": ""What tasks does a babysitter help with besides watching the child?"",
    ""acceptedAnswer"": {
      ""@type"": ""Answer"",
      ""text"": ""Our babysitters help with feeding, diaper changes, bathing, storytelling, homework, hygiene, and keeping the child engaged. They make sure your child is safe, clean, happy, and emotionally cared for throughout the day.""
    }
  },{
    ""@type"": ""Question"",
    ""name"": ""Can one babysitter take care of more than one child?"",
    ""acceptedAnswer"": {
      ""@type"": ""Answer"",
      ""text"": ""Yes, experienced babysitters can manage two or more children. They follow each child’s routine, including meals, hygiene, playtime, and study, while making sure all children stay safe, cared for, and attended to.""
    }
  },{
    ""@type"": ""Question"",
    ""name"": ""Can the babysitter drop off or pick up my child from school or tuition?"",
    ""acceptedAnswer"": {
      ""@type"": ""Answer"",
      ""text"": ""Yes, many of our babysitters can handle school and tuition pickups or drops. This service is arranged in advance to ensure safety, making it easier for working parents to manage their child’s daily routine.""
    }
  },{
    ""@type"": ""Question"",
    ""name"": ""Do you have babysitters trained for children with special needs?"",
    ""acceptedAnswer"": {
      ""@type"": ""Answer"",
      ""text"": ""Yes, we provide babysitters trained in special needs care. They offer extra patience, simple communication, and personalised support, ensuring your child feels safe, included, and understood at all times.""
    }
  },{
    ""@type"": ""Question"",
    ""name"": ""How much does it cost to hire a babysitter or nanny?"",
    ""acceptedAnswer"": {
      ""@type"": ""Answer"",
      ""text"": ""Babysitting and nanny charges depend on service type; part-time, full-time, or live-in, and number of children. We provide affordable pricing with a personalised quote based on your exact childcare needs and schedule.""
    }
  }]
}
</script>"
ELDERLYCARE,Elderly Care – Dignity & Comfort at Home,https://www.ezyhelpers.com/services/elderly-care,Compassionate Elderly Care Services for Seniors | EzyHelpers,"Compassionate elder care services with medical assistance, companionship & mobility support. Trained specialists for seniors Trusted by families across India.","<script type=""application/ld+json"">
{
  ""@context"": ""https://schema.org"",
  ""@type"": ""FAQPage"",
  ""mainEntity"": [{
    ""@type"": ""Question"",
    ""name"": ""What elderly care services can I get at home from EzyHelpers?"",
    ""acceptedAnswer"": {
      ""@type"": ""Answer"",
      ""text"": ""EzyHelpers offers professional in-home elderly care, including help with hygiene, mobility, daily tasks, medication reminders, and companionship. Our trained caretakers ensure seniors live safely and comfortably at home, receiving the attention and respect they deserve every day.""
    }
  },{
    ""@type"": ""Question"",
    ""name"": ""Are EzyHelpers’ caretakers trained to handle medical needs?"",
    ""acceptedAnswer"": {
      ""@type"": ""Answer"",
      ""text"": ""Yes, our senior citizen caretakers are trained in basic medical support. They can give medication reminders, monitor vital signs, and assist during emergencies. Although they aren’t certified doctors or nurses, they offer dependable home assistance for elderly family members who require regular health supervision.""
    }
  },{
    ""@type"": ""Question"",
    ""name"": ""Can elderly caretakers help with bathing and grooming seniors?"",
    ""acceptedAnswer"": {
      ""@type"": ""Answer"",
      ""text"": ""Absolutely. Our elderly care assistants help with bathing, grooming, dressing, and toileting. These hygiene tasks are performed gently and respectfully, ensuring your senior family member remains clean, comfortable, and treated with dignity at all times.""
    }
  },{
    ""@type"": ""Question"",
    ""name"": ""Do your care providers assist with daily medications for the elderly?"",
    ""acceptedAnswer"": {
      ""@type"": ""Answer"",
      ""text"": ""Yes, our care providers provide medication reminders and help organise daily doses as per the doctor’s instructions. This ensures your elderly loved one takes the right medicines at the right time, supporting better health and regular treatment compliance.""
    }
  },{
    ""@type"": ""Question"",
    ""name"": ""Are EzyHelpers’ elderly caretakers' backgrounds verified?"",
    ""acceptedAnswer"": {
      ""@type"": ""Answer"",
      ""text"": ""Yes, all EzyHelpers caretakers are fully background verified with Aadhaar, address proof, and work history. We also provide health certificates upon request. Your family’s safety and trust are our top priorities in elderly care services.""
    }
  },{
    ""@type"": ""Question"",
    ""name"": ""Do you provide post-hospital recovery care for seniors at home?"",
    ""acceptedAnswer"": {
      ""@type"": ""Answer"",
      ""text"": ""Yes, EzyHelpers offers post-hospital care for seniors. Our caretakers help with recovery routines, monitor health, manage medications, and offer emotional support, ensuring a smooth, safe transition from hospital to home care.""
    }
  },{
    ""@type"": ""Question"",
    ""name"": ""Will the elderly care assistants maintain health logs and medication records?"",
    ""acceptedAnswer"": {
      ""@type"": ""Answer"",
      ""text"": ""Yes, our elderly care assistants can maintain basic health records, track medication timing, and note any changes in behavior or routine. These updates help families and doctors monitor progress and make informed decisions during checkups or emergencies.""
    }
  },{
    ""@type"": ""Question"",
    ""name"": ""Can elderly assistants accompany seniors to appointments or walks?"",
    ""acceptedAnswer"": {
      ""@type"": ""Answer"",
      ""text"": ""Yes, our elderly care assistants can accompany seniors to doctor visits, therapy sessions, or daily walks. They provide both physical support and companionship, making every outing safer, easier, and more enjoyable.""
    }
  },{
    ""@type"": ""Question"",
    ""name"": ""Will the caretakers help with feeding, diapers, or physiotherapy?"",
    ""acceptedAnswer"": {
      ""@type"": ""Answer"",
      ""text"": ""Yes, our elderly caretakers assist with feeding, adult diaper changes, and basic physiotherapy exercises as needed. These services are delivered with patience and professionalism to keep seniors comfortable and well-supported at home.""
    }
  },{
    ""@type"": ""Question"",
    ""name"": ""Do I need to provide a room for a live-in elderly caretaker?"",
    ""acceptedAnswer"": {
      ""@type"": ""Answer"",
      ""text"": ""Yes, if you hire a live-in elderly caretaker, you must provide a room, either private or shared, with basic amenities like a bed, mattress, and bathroom access. A comfortable stay helps the caretaker provide better round-the-clock care.""
    }
  }]
}
</script>"
COOK,Professional Cooks – Delicious Meals Daily,https://www.ezyhelpers.com/services/cooks,Professional Cook Services for Home | EzyHelpers,"Expert cooks for Indian, Continental & regional cuisines. Includes meal planning, grocery management & dietary preferences. Hire home cooks today!","<script type=""application/ld+json"">
{
  ""@context"": ""https://schema.org"",
  ""@type"": ""FAQPage"",
  ""mainEntity"": [{
    ""@type"": ""Question"",
    ""name"": ""Are the home cooks from EzyHelpers background-verified?"",
    ""acceptedAnswer"": {
      ""@type"": ""Answer"",
      ""text"": ""Yes, all our home cooks are fully background-verified. We check the Aadhaar card and address proof. Many are trained under Skill India or DWSSC programs, ensuring hygienic, reliable, and professional cook services for your home.""
    }
  },{
    ""@type"": ""Question"",
    ""name"": ""Can I hire a home cook who follows a specific diet or food plan?"",
    ""acceptedAnswer"": {
      ""@type"": ""Answer"",
      ""text"": ""Absolutely. Our home cooks are trained to prepare diabetic meals, Jain food, low-salt diets, and allergy-safe dishes. Just share your dietary restrictions or health preferences, and we’ll assign a cook who understands your meal plan and follows it with care.""
    }
  },{
    ""@type"": ""Question"",
    ""name"": ""Is it possible to book a cook for parties or special occasions?"",
    ""acceptedAnswer"": {
      ""@type"": ""Answer"",
      ""text"": ""Yes, you can hire a personal chef through EzyHelpers for family functions, birthdays, or festive gatherings. Our on-demand cooks can prepare large meals, traditional dishes, and guest-friendly menus, giving you a stress-free, home-style food experience during special events.""
    }
  },{
    ""@type"": ""Question"",
    ""name"": ""Do your cooks follow proper kitchen hygiene and cleanliness?"",
    ""acceptedAnswer"": {
      ""@type"": ""Answer"",
      ""text"": ""Yes, kitchen hygiene is a top priority at EzyHelpers. Our cooks maintain clean cooking areas, wash hands often, use safe food storage methods, and follow proper kitchen hygiene practices while ensuring every meal is safe, healthy, and prepared in a clean environment.""
    }
  },{
    ""@type"": ""Question"",
    ""name"": ""Can your cooks prepare baby food and meals for senior citizens?"",
    ""acceptedAnswer"": {
      ""@type"": ""Answer"",
      ""text"": ""Yes, our home cooks are trained to prepare soft, nutritious meals for babies and elderly family members. They understand age-specific needs, low-spice requirements, and gentle textures, ensuring healthy, suitable meals for both infants and senior citizens in your home.""
    }
  },{
    ""@type"": ""Question"",
    ""name"": ""Can I get a home cook who can prepare both vegetarian and non-vegetarian dishes?"",
    ""acceptedAnswer"": {
      ""@type"": ""Answer"",
      ""text"": ""Yes, we offer home cooks comfortable with both veg and non-veg preparations. Whether you prefer South Indian, North Indian, or multi-cuisine options, we’ll match you with a cook who fits your food habits and household preferences.""
    }
  },{
    ""@type"": ""Question"",
    ""name"": ""Can I choose cooking hours based on my daily routine?"",
    ""acceptedAnswer"": {
      ""@type"": ""Answer"",
      ""text"": ""Yes, our cooking services are fully flexible. You can hire a cook for morning breakfast, afternoon lunch, or evening dinner based on your routine. We match your preferred time slot with a cook who’s available and ready to serve at your convenience.""
    }
  },{
    ""@type"": ""Question"",
    ""name"": ""Is there a trial period before hiring a full-time cook?"",
    ""acceptedAnswer"": {
      ""@type"": ""Answer"",
      ""text"": ""Yes, EzyHelpers offers a trial period so you can test the cook’s food quality, hygiene, and compatibility. If you’re satisfied, you can continue. If not, we’ll provide a replacement until you find a cook who suits your family’s needs.""
    }
  },{
    ""@type"": ""Question"",
    ""name"": ""How are EzyHelpers cooks different from local cooks?"",
    ""acceptedAnswer"": {
      ""@type"": ""Answer"",
      ""text"": ""EzyHelpers cooks are trained, verified, and reliable. Unlike local cooks, they follow hygiene protocols, handle various cuisines, and come with customer support. You get consistent quality, safety, and a hassle-free home cooking experience every day.""
    }
  },{
    ""@type"": ""Question"",
    ""name"": ""Can I request a male home cook instead of a female one?"",
    ""acceptedAnswer"": {
      ""@type"": ""Answer"",
      ""text"": ""Yes, based on your cooking preferences, cuisine type, and comfort, we offer both male and female cooks. Whether you need a strong cook for bulk meals or someone experienced in traditional recipes, we’ll match the right person to your home.""
    }
  },{
    ""@type"": ""Question"",
    ""name"": ""What is the salary of a home cook in India?"",
    ""acceptedAnswer"": {
      ""@type"": ""Answer"",
      ""text"": ""A home cook’s salary in India varies based on experience, location, type of meals prepared, and whether the job is live-in or daily. EzyHelpers connects families with skilled home cooks who are trained to prepare hygienic, tasty meals and adapt to specific dietary requirements and regional tastes.""
    }
  },{
    ""@type"": ""Question"",
    ""name"": ""Is it good to hire a cook at home?"",
    ""acceptedAnswer"": {
      ""@type"": ""Answer"",
      ""text"": ""Yes, hiring a home cook offers convenience, consistent meal quality, and more family time. A trained cook can handle your daily meals, follow your preferred style of cooking, and reduce the stress of meal prep. EzyHelpers makes it easy to find reliable domestic cooks who fit your lifestyle and food habits.""
    }
  }]
}
</script>"
DRIVER,Professional Drivers – Safe & Reliable Transport,https://www.ezyhelpers.com/services/drivers,Professional Drivers Services | Safe & Reliable | EzyHelpers,"Licensed professional drivers for family transportation, office commutes & personal use. Safe, reliable & punctual service across major cities in India.","<script type=""application/ld+json"">
{
  ""@context"": ""https://schema.org"",
  ""@type"": ""FAQPage"",
  ""mainEntity"": [{
    ""@type"": ""Question"",
    ""name"": ""Are EzyHelpers drivers licensed and experienced?"",
    ""acceptedAnswer"": {
      ""@type"": ""Answer"",
      ""text"": ""Yes, all EzyHelpers drivers have valid Indian driving licences and years of experience. They are experienced in safe driving, know how to handle different vehicles, and are well-versed with local traffic rules and city roads.""
    }
  },{
    ""@type"": ""Question"",
    ""name"": ""Can EzyHelpers drivers handle all types of cars?"",
    ""acceptedAnswer"": {
      ""@type"": ""Answer"",
      ""text"": ""Yes, our drivers are skilled in driving hatchbacks, sedans, SUVs, and luxury cars. We ensure the driver assigned to you is experienced with your specific vehicle type for smooth and safe driving.""
    }
  },{
    ""@type"": ""Question"",
    ""name"": ""Can I book a driver for outstation travel through EzyHelpers?"",
    ""acceptedAnswer"": {
      ""@type"": ""Answer"",
      ""text"": ""Yes, we provide experienced drivers for outstation and intercity travel. Whether it’s a weekend getaway, a business trip, or a pilgrimage, our drivers ensure a safe, comfortable, and well-planned journey.""
    }
  },{
    ""@type"": ""Question"",
    ""name"": ""Do you provide drivers for airport pickup and drop-off?"",
    ""acceptedAnswer"": {
      ""@type"": ""Answer"",
      ""text"": ""Yes, EzyHelpers offers reliable airport transfer services. Our drivers assist with luggage, manage traffic delays, and ensure on-time arrival or pickup, making airport travel stress-free and smooth.""
    }
  },{
    ""@type"": ""Question"",
    ""name"": ""Are EzyHelpers drivers familiar with local roads and traffic?"",
    ""acceptedAnswer"": {
      ""@type"": ""Answer"",
      ""text"": ""Yes, our drivers know local routes, shortcuts, and traffic conditions well. Their experience helps save travel time and avoid congested areas, especially during peak hours.""
    }
  },{
    ""@type"": ""Question"",
    ""name"": ""Do EzyHelpers drivers maintain car hygiene and condition?"",
    ""acceptedAnswer"": {
      ""@type"": ""Answer"",
      ""text"": ""Yes, our drivers are trained to maintain basic vehicle hygiene. They clean interiors, check fuel and tyre pressure, and keep your car ready for daily use.""
    }
  },{
    ""@type"": ""Question"",
    ""name"": ""Are driver services from EzyHelpers suitable for corporate travel?"",
    ""acceptedAnswer"": {
      ""@type"": ""Answer"",
      ""text"": ""Yes, we offer professional drivers for business travel and corporate clients. Our drivers are well-groomed and punctual and maintain formal conduct, ideal for executives, meetings, and client pickups.""
    }
  },{
    ""@type"": ""Question"",
    ""name"": ""What is the salary of a car driver in India?"",
    ""acceptedAnswer"": {
      ""@type"": ""Answer"",
      ""text"": ""The salary of a car driver in India depends on factors like work hours, location, type of vehicle, and whether the role is part-time, full-time, or live-in. At EzyHelpers, we help match you with professional drivers based on your specific travel needs and schedule.""
    }
  },{
    ""@type"": ""Question"",
    ""name"": ""What is the difference between a driver and a chauffeur?"",
    ""acceptedAnswer"": {
      ""@type"": ""Answer"",
      ""text"": ""A driver primarily focuses on transporting passengers from one location to another. A chauffeur, on the other hand, offers a more premium experience, often including etiquette, grooming standards, vehicle maintenance, and formal client interactions. EzyHelpers provides both types based on your service preferences.""
    }
  },{
    ""@type"": ""Question"",
    ""name"": ""How to get a driver in India?"",
    ""acceptedAnswer"": {
      ""@type"": ""Answer"",
      ""text"": ""To hire a driver in India, simply contact a reliable service like EzyHelpers. We provide licensed, background-verified drivers for daily commutes, school runs, airport transfers, and outstation trips. You can choose from part-time, full-time, live-in, or on-demand options based on your schedule.""
    }
  },{
    ""@type"": ""Question"",
    ""name"": ""What are the duties of a private hire driver?"",
    ""acceptedAnswer"": {
      ""@type"": ""Answer"",
      ""text"": ""A private hire driver is responsible for safe and timely transportation, maintaining vehicle cleanliness, route planning, assisting passengers, and ensuring a comfortable ride. EzyHelpers ensures all drivers are trained to handle these tasks professionally for your peace of mind.""
    }
  }]
}
</script>"
CARPENTER,Find the Best Carpenter Services,https://www.ezyhelpers.com/services/carpenters,Expert Carpenter Services | Home Repairs | EzyHelpers,"Professional carpenter services for furniture repair, woodwork & home improvements. Skilled craftsmen available for all carpentry needs across major cities.","<script type=""application/ld+json"">
{
  ""@context"": ""https://schema.org"",
  ""@type"": ""FAQPage"",
  ""mainEntity"": [{
    ""@type"": ""Question"",
    ""name"": ""What types of carpenter services does EzyHelpers provide?"",
    ""acceptedAnswer"": {
      ""@type"": ""Answer"",
      ""text"": ""EzyHelpers offers a full range of carpenter services, including furniture repair, modular kitchen installation, wardrobe fitting, door/window repair, wood polishing, and custom woodwork for homes and offices. Whether it’s new furniture or fixing old items, our expert carpenters are experienced in all kinds of residential and commercial projects.""
    }
  },{
    ""@type"": ""Question"",
    ""name"": ""Can I book a carpenter for same-day service?"",
    ""acceptedAnswer"": {
      ""@type"": ""Answer"",
      ""text"": ""Yes, based on availability, you can get same-day carpenter service in many cities across India. Whether it’s urgent furniture repair, door fixing, or installation, we aim to connect you with a reliable local carpenter quickly.""
    }
  },{
    ""@type"": ""Question"",
    ""name"": ""What is the cost of hiring a carpenter?"",
    ""acceptedAnswer"": {
      ""@type"": ""Answer"",
      ""text"": ""Carpentry charges depend on work type, material, and labor. EzyHelpers offers free site visits and provides a detailed quote after inspection. We ensure transparent pricing with no hidden charges, whether it’s a small repair or a full furniture project.""
    }
  },{
    ""@type"": ""Question"",
    ""name"": ""How quickly can a carpenter reach my home?"",
    ""acceptedAnswer"": {
      ""@type"": ""Answer"",
      ""text"": ""We usually assign a local carpenter within 24 hours. In many cases, we provide same-day or next-day carpenter visits, especially for urgent repair work. Timely service is our top priority.""
    }
  },{
    ""@type"": ""Question"",
    ""name"": ""Do your carpenters work with all types of wood?"",
    ""acceptedAnswer"": {
      ""@type"": ""Answer"",
      ""text"": ""Yes, our expert carpenters are experienced to work with teak, plywood, MDF, engineered wood, and other materials. We also help you choose the right wood for durability, style, and budget, based on the Indian climate and usage.""
    }
  },{
    ""@type"": ""Question"",
    ""name"": ""Do you offer carpenter services for modular furniture and kitchens?"",
    ""acceptedAnswer"": {
      ""@type"": ""Answer"",
      ""text"": ""Absolutely. We provide expert carpentry for modular kitchens, wardrobes, TV units, and space-saving furniture. Our carpenters follow modern designs and install everything as per your home layout.""
    }
  },{
    ""@type"": ""Question"",
    ""name"": ""Do you offer emergency carpenter services near me?"",
    ""acceptedAnswer"": {
      ""@type"": ""Answer"",
      ""text"": ""Yes, we offer emergency carpentry services in major Indian cities. For broken furniture, jammed doors, or urgent safety issues, we try to send a carpenter to your location as quickly as possible.""
    }
  },{
    ""@type"": ""Question"",
    ""name"": ""Will the carpenter bring tools and materials?"",
    ""acceptedAnswer"": {
      ""@type"": ""Answer"",
      ""text"": ""Yes, our carpenters come prepared with essential tools. If specific materials are needed, they’ll inform you in advance or help procure them at the best rates locally.""
    }
  },{
    ""@type"": ""Question"",
    ""name"": ""Can I schedule the carpenter at my convenient time?"",
    ""acceptedAnswer"": {
      ""@type"": ""Answer"",
      ""text"": ""Yes, you can choose a time slot that suits your availability. We offer flexible bookings so our carpenter arrives at your home or office as per your schedule.""
    }
  },{
    ""@type"": ""Question"",
    ""name"": ""Do you offer furniture assembly and dismantling?"",
    ""acceptedAnswer"": {
      ""@type"": ""Answer"",
      ""text"": ""Yes, we provide carpenter services for furniture assembly, dismantling, and shifting support. Whether it’s a new bed, table, or wardrobe, our carpenters will install it securely at your home.""
    }
  },{
    ""@type"": ""Question"",
    ""name"": ""Can I hire a carpenter for small repair work only?"",
    ""acceptedAnswer"": {
      ""@type"": ""Answer"",
      ""text"": ""Of course. You can book us for minor repairs like loose hinges, broken legs, creaking doors, or damaged handles. No job is too small; we fix everything with care.""
    }
  }]
}
</script>"
ELECTRICIAN,Expert Electrician Services at Your Doorstep,https://www.ezyhelpers.com/services/electricians,Expert Electrician Services for Your Home | EzyHelpers,"Certified electrician services for wiring, repairs & installations. Emergency electrical work available 24/7 by licensed experts in your locality.","<script type=""application/ld+json"">
{
  ""@context"": ""https://schema.org"",
  ""@type"": ""FAQPage"",
  ""mainEntity"": [{
    ""@type"": ""Question"",
    ""name"": ""Are EzyHelpers' electricians certified and licensed?"",
    ""acceptedAnswer"": {
      ""@type"": ""Answer"",
      ""text"": ""Yes, all our electricians are licensed and certified as per Indian electrical safety norms. They are experienced in residential and commercial wiring, repairs, and installations, ensuring your home or business stays safe and compliant.""
    }
  },{
    ""@type"": ""Question"",
    ""name"": ""Can I book an electrician for same-day service?"",
    ""acceptedAnswer"": {
      ""@type"": ""Answer"",
      ""text"": ""Yes, EzyHelpers offers same-day electrician service for urgent issues. Whether it’s a fuse problem or sudden power failure, our nearby electricians can reach your home quickly and fix it on the spot.""
    }
  },{
    ""@type"": ""Question"",
    ""name"": ""What common electrical issues do your electricians handle?"",
    ""acceptedAnswer"": {
      ""@type"": ""Answer"",
      ""text"": ""Our electricians fix power cuts, tripping issues, short circuits, faulty switches, flickering lights, and wiring faults. We also troubleshoot appliance connection issues and overload problems, ensuring your home remains safe and functional.""
    }
  },{
    ""@type"": ""Question"",
    ""name"": ""Do you offer complete electrical inspections for homes?"",
    ""acceptedAnswer"": {
      ""@type"": ""Answer"",
      ""text"": ""Yes, we provide detailed home electrical inspections. This includes wiring checks, load testing, switchboard analysis, and fault diagnosis to ensure everything is safe, up-to-date, and compliant with electrical safety guidelines.""
    }
  },{
    ""@type"": ""Question"",
    ""name"": ""Can EzyHelpers install appliances like fans, geysers, or ACs?"",
    ""acceptedAnswer"": {
      ""@type"": ""Answer"",
      ""text"": ""Yes, EzyHelpers' electricians can install commonly used electrical appliances such as ceiling fans, wall fans, geysers (standard types), exhaust fans, light fixtures, tube lights, LED panels, switchboards, MCBs, and inverters. We ensure secure wiring, proper grounding, safety compliance, and thorough performance testing for every installation.""
    }
  },{
    ""@type"": ""Question"",
    ""name"": ""Can you upgrade my old electrical system or switchboard?"",
    ""acceptedAnswer"": {
      ""@type"": ""Answer"",
      ""text"": ""Definitely. We perform wiring replacements, switchboard upgrades, and load-balancing work to make your electrical system safer and capable of handling today’s modern appliances and energy needs.""
    }
  },{
    ""@type"": ""Question"",
    ""name"": ""Do you provide electricians for both small and large electrical jobs?"",
    ""acceptedAnswer"": {
      ""@type"": ""Answer"",
      ""text"": ""Yes, we handle everything from minor repairs like fixing a switch to large projects like full house rewiring or DB box installation. Our electricians carry all the tools to complete the job efficiently.""
    }
  },{
    ""@type"": ""Question"",
    ""name"": ""I don’t know what’s causing the electrical issue. Can you help?"",
    ""acceptedAnswer"": {
      ""@type"": ""Answer"",
      ""text"": ""Of course. Our electricians will perform a full electrical diagnosis to find and fix hidden problems. You don’t need to identify the issue; we’ll take care of everything from start to finish.""
    }
  },{
    ""@type"": ""Question"",
    ""name"": ""Is it safe to hire an online electrician for home repairs?"",
    ""acceptedAnswer"": {
      ""@type"": ""Answer"",
      ""text"": ""Yes, it is safe when booked through trusted platforms like EzyHelpers. All our electricians are background verified and certified. We ensure professional service with proper tools, safety gear, and transparent pricing, giving you reliable home repair without the risk of hiring unknown freelancers.""
    }
  },{
    ""@type"": ""Question"",
    ""name"": ""Is it safe to let the electrician work alone at home?"",
    ""acceptedAnswer"": {
      ""@type"": ""Answer"",
      ""text"": ""Yes, if you book through a trusted service like EzyHelpers. All our electricians are background-verified and trained to work professionally. We also share their details in advance, so you can feel secure even if they are working alone at your home.""
    }
  }]
}
</script>"
GARDENER,Bring Your Garden to Life with Expert Care,https://www.ezyhelpers.com/services/gardener,Home Gardener Services | Gardening Experts | EzyHelpers,"Professional home gardener services for lawn care, plant maintenance & landscaping. Expert gardeners available in residential neighbourhoods near you.","<script type=""application/ld+json"">
{
  ""@context"": ""https://schema.org"",
  ""@type"": ""FAQPage"",
  ""mainEntity"": [{
    ""@type"": ""Question"",
    ""name"": ""Can I book a gardener for one-time garden cleaning or planting?"",
    ""acceptedAnswer"": {
      ""@type"": ""Answer"",
      ""text"": ""Yes, you can hire a gardener for one-time services like garden cleaning, new plant installation, or seasonal garden prep. It’s perfect for those who need help occasionally or want a quick garden refresh before festivals or events.""
    }
  },{
    ""@type"": ""Question"",
    ""name"": ""Do your gardeners help with plant selection for Indian weather?"",
    ""acceptedAnswer"": {
      ""@type"": ""Answer"",
      ""text"": ""Absolutely. Our gardeners suggest plants based on your region’s climate, sunlight, soil type, and your preferences. Whether you want flowering plants, herbs, or low-maintenance greens, we help you pick the best ones for Indian conditions.""
    }
  },{
    ""@type"": ""Question"",
    ""name"": ""Can I customise the gardening service based on my space?"",
    ""acceptedAnswer"": {
      ""@type"": ""Answer"",
      ""text"": ""Definitely. Whether you want a kitchen garden, flower bed, or peaceful Zen-style layout, we customise garden design, plants, and setup to match your space, lifestyle, and vision, be it balcony, terrace, or lawn.""
    }
  },{
    ""@type"": ""Question"",
    ""name"": ""Do your gardening services support organic gardening?"",
    ""acceptedAnswer"": {
      ""@type"": ""Answer"",
      ""text"": ""Yes, we promote chemical-free gardening using organic manure, composting, natural pest control, and eco-friendly soil enhancers. It’s safe for your family, pets, and the environment.""
    }
  },{
    ""@type"": ""Question"",
    ""name"": ""How often do I really need a gardener at home?"",
    ""acceptedAnswer"": {
      ""@type"": ""Answer"",
      ""text"": ""It depends on your garden size and the season. During active growing months, a weekly or bi-weekly visit helps keep things in shape. In cooler or off-seasons, monthly visits are usually enough. Regular care keeps your plants healthy and your garden looking fresh without becoming overgrown.""
    }
  },{
    ""@type"": ""Question"",
    ""name"": ""Do you offer lawn mowing and grass cutting services?"",
    ""acceptedAnswer"": {
      ""@type"": ""Answer"",
      ""text"": ""Yes, our garden maintenance includes lawn mowing, grass trimming, fertilization, weed control, and edging. We help keep your lawn neat, green, and ready for every season.""
    }
  },{
    ""@type"": ""Question"",
    ""name"": ""What common garden problems can your gardeners solve?"",
    ""acceptedAnswer"": {
      ""@type"": ""Answer"",
      ""text"": ""Our expert home gardeners fix issues like plant pests, leaf yellowing, fungal infections, overgrowth, dry soil, and poor drainage. We restore your garden’s health with safe, effective, and long-lasting solutions.""
    }
  },{
    ""@type"": ""Question"",
    ""name"": ""How do I take care of my plants between gardener visits?"",
    ""acceptedAnswer"": {
      ""@type"": ""Answer"",
      ""text"": ""We provide simple DIY garden care tips like watering schedules, pruning methods, plant feeding, and soil aeration. These help you maintain your garden's health and beauty between our gardener’s visits.""
    }
  },{
    ""@type"": ""Question"",
    ""name"": ""Do you offer balcony and terrace gardening services? What’s included?"",
    ""acceptedAnswer"": {
      ""@type"": ""Answer"",
      ""text"": ""Yes, EzyHelpers offers complete balcony and terrace gardening solutions. Whether you live in an apartment or have limited outdoor space, our gardeners can design and maintain beautiful green areas. Services include soil preparation, planter arrangements, vertical stands, waterproofing suggestions, plant selection (flowers, veggies, or decoratives), and ongoing care. We help you create a lush, functional garden even in the heart of the city.""
    }
  }]
}
</script>"
APPLIANCE REPAIR,Expert Home Appliance Repair Services,https://www.ezyhelpers.com/services/appliance-repair,Home Appliance Repair Services | Expert Technicians | EzyHelpers,"Professional home appliance repair services for washing machines, fridges, ACs & more. Expert technicians with genuine parts, serving homes across India.","<script type=""application/ld+json"">
{
  ""@context"": ""https://schema.org"",
  ""@type"": ""FAQPage"",
  ""mainEntity"": [{
    ""@type"": ""Question"",
    ""name"": ""Can I get same-day appliance repair at home?"",
    ""acceptedAnswer"": {
      ""@type"": ""Answer"",
      ""text"": ""Yes, EzyHelpers offers same-day appliance repair service in most Indian cities. If you book early, we can usually send a technician within a few hours. It's perfect for urgent problems like a non-working fridge, washing machine, or AC, especially during summer or busy days.""
    }
  },{
    ""@type"": ""Question"",
    ""name"": ""What types of appliances do you repair at home?"",
    ""acceptedAnswer"": {
      ""@type"": ""Answer"",
      ""text"": ""We repair all major home appliances, including refrigerators, washing machines, ACs, microwaves, geysers, kitchen chimneys, dishwashers, and TVs. Our experienced technicians can handle common issues and support most Indian households with reliable doorstep service for popular appliance models and brands.""
    }
  },{
    ""@type"": ""Question"",
    ""name"": ""Do you offer emergency appliance repair services near me?"",
    ""acceptedAnswer"": {
      ""@type"": ""Answer"",
      ""text"": ""Yes, we provide emergency appliance repair services in case of urgent breakdowns like fridge failure or AC not cooling. Just call us, and we'll try to send a nearby technician as quickly as possible based on your area and service availability.""
    }
  },{
    ""@type"": ""Question"",
    ""name"": ""Which appliance brands do your technicians service?"",
    ""acceptedAnswer"": {
      ""@type"": ""Answer"",
      ""text"": ""Our appliance technicians repair all major brands such as LG, Samsung, Whirlpool, IFB, Bosch, Godrej, Haier, Voltas, and more. Whether it's a high-end or budget model, we have experts certified to fix issues across most Indian and international appliance brands.""
    }
  },{
    ""@type"": ""Question"",
    ""name"": ""Is doorstep appliance repair service available?"",
    ""acceptedAnswer"": {
      ""@type"": ""Answer"",
      ""text"": ""Yes, our appliance repair service is 100% doorstep-based. The technician visits your home with the required tools and spare parts. You don’t need to carry the appliance anywhere; everything is checked, repaired, and tested at your location for maximum convenience.""
    }
  },{
    ""@type"": ""Question"",
    ""name"": ""How do I know if my appliance should be repaired or replaced?"",
    ""acceptedAnswer"": {
      ""@type"": ""Answer"",
      ""text"": ""Our technician will inspect the appliance and give an honest opinion. If repair is cost-effective and safe, we proceed. If not, we may suggest replacement. Your long-term savings, safety, and convenience always guide our recommendations.""
    }
  },{
    ""@type"": ""Question"",
    ""name"": ""Is the inspection or diagnosis free before repair?"",
    ""acceptedAnswer"": {
      ""@type"": ""Answer"",
      ""text"": ""Yes, we offer free inspection for most appliance repairs. The technician checks the problem, explains the solution, and gives you a price estimate before starting the repair. This helps you decide confidently without any upfront commitment.""
    }
  },{
    ""@type"": ""Question"",
    ""name"": ""Can you repair old or discontinued appliances?"",
    ""acceptedAnswer"": {
      ""@type"": ""Answer"",
      ""text"": ""Yes, we repair older appliances if spare parts are still available. Our appliance repair technicians are skilled in handling discontinued or vintage models and will let you know if the repair is practical or if replacement makes more sense.""
    }
  },{
    ""@type"": ""Question"",
    ""name"": ""Do you provide installation services for new appliances?"",
    ""acceptedAnswer"": {
      ""@type"": ""Answer"",
      ""text"": ""Yes, we offer professional installation for appliances like air conditioners, geysers, washing machines, and kitchen chimneys. Our technicians ensure proper connections, safe setup, and full testing so the appliance works correctly from the start.""
    }
  }]
}
</script>"
PLUMBER,Trusted Plumber Service for Leak Repairs & More,https://www.ezyhelpers.com/services/plumbers,Fix Leaks & More with Expert Plumber Service | EzyHelpers,"Professional plumber service for pipe repairs, installations & emergency fixes. Licensed plumbers available 24/7 in your city and surrounding areas.","<script type=""application/ld+json"">
{
  ""@context"": ""https://schema.org"",
  ""@type"": ""FAQPage"",
  ""mainEntity"": [{
    ""@type"": ""Question"",
    ""name"": ""What plumbing services does EzyHelpers offer?"",
    ""acceptedAnswer"": {
      ""@type"": ""Answer"",
      ""text"": ""EzyHelpers provides a full range of plumbing services, including leak repair, pipe replacement, drain cleaning, toilet repair, bathroom fittings, kitchen plumbing, water heater installation, and emergency plumbing support. Our certified plumbers handle both minor issues and large-scale plumbing jobs with professional care.""
    }
  },{
    ""@type"": ""Question"",
    ""name"": ""Can I get emergency plumber services 24/7?"",
    ""acceptedAnswer"": {
      ""@type"": ""Answer"",
      ""text"": ""Yes, EzyHelpers offers 24/7 emergency plumber service for urgent problems like burst pipes, major leaks, or blocked drains. Our local plumbers respond quickly to control damage and restore your home’s plumbing system with minimal disruption.""
    }
  },{
    ""@type"": ""Question"",
    ""name"": ""Are your plumbers licensed and experienced?"",
    ""acceptedAnswer"": {
      ""@type"": ""Answer"",
      ""text"": ""Yes, all EzyHelpers plumbers are licensed and background verified. They have hands-on experience with Indian plumbing systems, are certified in safety standards, and can handle everything from repairs to full plumbing installations.""
    }
  },{
    ""@type"": ""Question"",
    ""name"": ""Can I book a same-day plumber near me?"",
    ""acceptedAnswer"": {
      ""@type"": ""Answer"",
      ""text"": ""Yes, same-day plumbing service is available in most major Indian cities. Whether it’s a leaking tap, broken pipe, or clogged sink, our plumbers can reach your location quickly and start work the same day.""
    }
  },{
    ""@type"": ""Question"",
    ""name"": ""Do you handle both small plumbing repairs and big projects?"",
    ""acceptedAnswer"": {
      ""@type"": ""Answer"",
      ""text"": ""Yes, we cover all plumbing work, from fixing leaking taps to full bathroom plumbing and pipeline replacements. Our plumbers are experienced in managing small repairs as well as large installations and upgrades.""
    }
  },{
    ""@type"": ""Question"",
    ""name"": ""Can your plumbers help with bathroom renovations?"",
    ""acceptedAnswer"": {
      ""@type"": ""Answer"",
      ""text"": ""Yes, our plumbers work on bathroom renovation projects, such as new fittings, pipelines, basin setups, shower installations, and drainage planning. We coordinate with your contractor or designer for seamless execution.""
    }
  },{
    ""@type"": ""Question"",
    ""name"": ""Do you fix geysers and water heater issues?"",
    ""acceptedAnswer"": {
      ""@type"": ""Answer"",
      ""text"": ""Yes, our plumbers handle the installation and repair of electric and gas water heaters. We fix geyser leaks, replace thermostats, repair heating elements, and ensure proper pipeline connection for safe usage.""
    }
  },{
    ""@type"": ""Question"",
    ""name"": ""How fast can a plumber reach my home?"",
    ""acceptedAnswer"": {
      ""@type"": ""Answer"",
      ""text"": ""In urgent cases, we can dispatch a local plumber within a few hours, depending on your city. For non-emergency jobs, we usually schedule the visit within 24 hours of booking.""
    }
  },{
    ""@type"": ""Question"",
    ""name"": ""Do you supply plumbing materials like taps and pipes?"",
    ""acceptedAnswer"": {
      ""@type"": ""Answer"",
      ""text"": ""Yes, we use quality plumbing supplies like ISI-marked pipes, branded taps, valves, and fittings. You can either use our materials or provide your own preferences before the job begins.""
    }
  },{
    ""@type"": ""Question"",
    ""name"": ""What if I only need a minor repair? Do I still need to book?"",
    ""acceptedAnswer"": {
      ""@type"": ""Answer"",
      ""text"": ""Definitely. We handle everything from minor repairs like dripping taps to major plumbing projects. No job is too small. Book online or give us a call, and we’ll take care of it.""
    }
  }]
}
</script>"
PAINTERS,Transform Your Home with Expert Painting,https://www.ezyhelpers.com/services/painters,House Painting Services | Interior & Exterior | EzyHelpers,"Professional house painting services for interior & exterior walls. Quality paints, expert painters & affordable rates in your area.","<script type=""application/ld+json"">
{
  ""@context"": ""https://schema.org"",
  ""@type"": ""FAQPage"",
  ""mainEntity"": [{
    ""@type"": ""Question"",
    ""name"": ""Do EzyHelpers painters offer a free site inspection before painting?"",
    ""acceptedAnswer"": {
      ""@type"": ""Answer"",
      ""text"": ""Yes, we provide a free site visit. Our painters assess surface conditions, understand your requirements and recommend suitable painting methods and materials, ensuring accurate estimates and the right approach for your home’s painting needs.""
    }
  },{
    ""@type"": ""Question"",
    ""name"": ""How much does home painting cost?"",
    ""acceptedAnswer"": {
      ""@type"": ""Answer"",
      ""text"": ""Painting charges depend on area size, paint type, surface preparation, and whether it’s interior or exterior work. We provide competitive, transparent pricing with detailed free estimates after a site visit.""
    }
  },{
    ""@type"": ""Question"",
    ""name"": ""What paint brands do you use for home painting?"",
    ""acceptedAnswer"": {
      ""@type"": ""Answer"",
      ""text"": ""We use trusted brands like Asian Paints, Berger, Nerolac, and Dulux. Based on your budget, surface type, and finish preference, our team will recommend the best paints for long-lasting and beautiful results.""
    }
  },{
    ""@type"": ""Question"",
    ""name"": ""Is same-day house painting service available?"",
    ""acceptedAnswer"": {
      ""@type"": ""Answer"",
      ""text"": ""Same-day painting may be possible for small tasks like touch-ups or single walls. For full room or house painting, advance booking is recommended to ensure proper preparation and quality workmanship.""
    }
  },{
    ""@type"": ""Question"",
    ""name"": ""Can your painters help me choose paint colors and finishes?"",
    ""acceptedAnswer"": {
      ""@type"": ""Answer"",
      ""text"": ""Yes, our painters offer color consultation to help you select shades, finishes, and combinations that match your furniture, lighting, and style. We guide you using swatches, visual tools, and practical advice for the best outcome.""
    }
  },{
    ""@type"": ""Question"",
    ""name"": ""Do painters handle wall preparation before painting?"",
    ""acceptedAnswer"": {
      ""@type"": ""Answer"",
      ""text"": ""Absolutely. We prepare all surfaces by cleaning, crack-filling, sanding, and priming. Proper surface preparation is crucial for smooth paint application, longer durability, and professional-looking results in Indian home environments.""
    }
  },{
    ""@type"": ""Question"",
    ""name"": ""What should I do to prepare my home before painters arrive?"",
    ""acceptedAnswer"": {
      ""@type"": ""Answer"",
      ""text"": ""Please move furniture away from walls, take down wall décor, and cover fragile items. Our painters also protect floors and furniture with plastic sheets or covers to ensure cleanliness during the job.""
    }
  },{
    ""@type"": ""Question"",
    ""name"": ""Do your painters clean up after completing the work?"",
    ""acceptedAnswer"": {
      ""@type"": ""Answer"",
      ""text"": ""Yes, our painters ensure a full post-painting cleanup. We remove all tools, paint cans, and waste, leaving your home clean, organised, and ready to use immediately after the painting is done.""
    }
  },{
    ""@type"": ""Question"",
    ""name"": ""Can I hire painters for small jobs like one room or wall touch-ups?"",
    ""acceptedAnswer"": {
      ""@type"": ""Answer"",
      ""text"": ""Yes, you can. We handle all job sizes, from full home painting to quick touch-ups, single rooms, or wall patches. No task is too small for our experienced and professional painters.""
    }
  },{
    ""@type"": ""Question"",
    ""name"": ""What’s the best season to get house painting done?"",
    ""acceptedAnswer"": {
      ""@type"": ""Answer"",
      ""text"": ""The dry season (typically October to March) is best for painting, as it allows faster drying and a better finish. Avoid the monsoon, as humidity can affect paint adhesion and quality.""
    }
  },{
    ""@type"": ""Question"",
    ""name"": ""Do I need to buy paint separately, or is it included in the service?"",
    ""acceptedAnswer"": {
      ""@type"": ""Answer"",
      ""text"": ""You can choose either. We offer packages with or without paint. Our team can help you choose the right brand and finish, and even procure it for you at market price or with discounts.""
    }
  }]
}
</script>"
HOME DEEP CLEANING,Professional House Cleaning for a Healthier Home,https://www.ezyhelpers.com/services/deep-cleaning,House Cleaning Services | Deep Cleaning Experts | EzyHelpers,"Professional house cleaning services including deep cleaning, sanitization & maintenance. Expert cleaners available across major cities.","<script type=""application/ld+json"">
{
  ""@context"": ""https://schema.org"",
  ""@type"": ""FAQPage"",
  ""mainEntity"": [{
    ""@type"": ""Question"",
    ""name"": ""Do I need to stay home during deep cleaning?"",
    ""acceptedAnswer"": {
      ""@type"": ""Answer"",
      ""text"": ""No, it’s not mandatory. You can attend the initial walkthrough, explain your cleaning needs, and then step out. Many clients hand over keys and return to a sparkling clean home. Just keep valuables safe and accessible areas clear.""
    }
  },{
    ""@type"": ""Question"",
    ""name"": ""Is deep cleaning different from regular house cleaning?"",
    ""acceptedAnswer"": {
      ""@type"": ""Answer"",
      ""text"": ""Yes, deep cleaning is more detailed. It covers hard-to-reach spots like behind appliances, inside cabinets, and under furniture. It’s ideal for moving in after renovations or festive cleaning before Diwali or weddings.""
    }
  },{
    ""@type"": ""Question"",
    ""name"": ""Do your home cleaners bring their own cleaning supplies and equipment?"",
    ""acceptedAnswer"": {
      ""@type"": ""Answer"",
      ""text"": ""Yes, our team comes with all cleaning materials, including vacuum cleaners, scrubbers, microfibre cloths, and safe disinfectants. You don’t need to arrange anything for the service.""
    }
  },{
    ""@type"": ""Question"",
    ""name"": ""Can I book deep cleaning for today or urgently?"",
    ""acceptedAnswer"": {
      ""@type"": ""Answer"",
      ""text"": ""Same-day cleaning is available based on location and team availability. For larger homes or post-renovation jobs, booking 24–48 hours in advance is recommended to ensure slot availability.""
    }
  },{
    ""@type"": ""Question"",
    ""name"": ""Do you offer post-renovation or post-painting cleaning?"",
    ""acceptedAnswer"": {
      ""@type"": ""Answer"",
      ""text"": ""Yes, we specialise in post-renovation and post-paint cleaning. Our team removes paint splatters, cement dust, and debris, making your home ready for use after construction or wall painting.""
    }
  },{
    ""@type"": ""Question"",
    ""name"": ""Can I book only kitchen or bathroom deep cleaning?"",
    ""acceptedAnswer"": {
      ""@type"": ""Answer"",
      ""text"": ""Yes, we offer room-specific deep cleaning. You can book just a kitchen, bathroom, or sofa cleaning if required. These services are ideal for maintenance between full house cleans.""
    }
  },{
    ""@type"": ""Question"",
    ""name"": ""Do you provide move-in or move-out cleaning for tenants and homeowners?"",
    ""acceptedAnswer"": {
      ""@type"": ""Answer"",
      ""text"": ""Yes, our move-in/move-out cleaning includes floor scrubbing, wall stain removal, and appliance interiors, perfect before shifting into a new house or handing it back to the landlord.""
    }
  },{
    ""@type"": ""Question"",
    ""name"": ""Can you clean appliances and furniture, too?"",
    ""acceptedAnswer"": {
      ""@type"": ""Answer"",
      ""text"": ""Yes, we clean refrigerators, microwaves, chimneys, sofas, and mattresses. We use fabric-safe shampoos and steam tools to remove stains, grease, and odor from upholstery and appliances.""
    }
  },{
    ""@type"": ""Question"",
    ""name"": ""How is the deep cleaning price calculated?"",
    ""acceptedAnswer"": {
      ""@type"": ""Answer"",
      ""text"": ""Deep cleaning charges depend on various factors like the size of your home (1BHK, 2BHK, etc.), total carpet area, number of bathrooms, and the type of cleaning required. Prices may vary based on add-ons such as kitchen degreasing, sofa shampooing, mattress cleaning, wall or ceiling dust removal, and post-renovation cleanup. We offer a transparent quote after understanding your specific needs, no hidden charges, no surprises.""
    }
  },{
    ""@type"": ""Question"",
    ""name"": ""Do your cleaners help with decluttering and organizing?"",
    ""acceptedAnswer"": {
      ""@type"": ""Answer"",
      ""text"": ""Our cleaners do light tidying and basic organization as part of the deep cleaning process, like arranging items, clearing surfaces, and putting things back in place. For full home decluttering or expert-level organizing (like wardrobes, kitchens, or storage areas), we can connect you with our trusted professional organizing partners.""
    }
  },{
    ""@type"": ""Question"",
    ""name"": ""What is the best time to book a home deep cleaning service?"",
    ""acceptedAnswer"": {
      ""@type"": ""Answer"",
      ""text"": ""The ideal time to schedule deep cleaning is before major festivals, after renovation or painting work, when shifting homes, or during seasonal changes like pre-monsoon or post-winter. Regular deep cleaning every 3 to 6 months also helps maintain hygiene, prevent dust buildup, and keep your home fresh and allergy-free.""
    }
  },{
    ""@type"": ""Question"",
    ""name"": ""How often should I get my home deep cleaned?"",
    ""acceptedAnswer"": {
      ""@type"": ""Answer"",
      ""text"": ""For best results, we recommend deep cleaning every 3 to 6 months. Homes with children, pets, or high footfall may benefit from more frequent cleaning to maintain hygiene and reduce dust and allergens.""
    }
  }]
}
</script>"